release_path,asset_origin,source_alias,canonical_status,role,size_bytes,sha256,pre_public_sanitization_sha256,release_transform
.gitignore,GENERATED_RELEASE_METADATA,,GENERATED,Repository metadata/documentation,464,c9013f7d8be40e7ca6c5397d6f62afac45c7bf568ca08991c3b4d950635874eb,c9013f7d8be40e7ca6c5397d6f62afac45c7bf568ca08991c3b4d950635874eb,
01_prototype_303/notebooks/PRF1.ipynb,COPIED_SOURCE_ASSET,PROTOTYPE_303/阶段代码/prf1.ipynb,SUPPORTING,NOTEBOOK,997636,31cd4c6696428a899715fa7fa230849ee499bfe11f335ba2a017f04b5164756e,41e3e0f317f1133ad327e32c4c63c69927ceefe5d1025b447eff08afce56ab68,LOCAL_PATH_ROOT_SANITIZATION
01_prototype_303/notebooks/PRF2.ipynb,COPIED_SOURCE_ASSET,PROTOTYPE_303/阶段代码/prf2.ipynb,SUPPORTING,NOTEBOOK,454557,e755ddf8b9048e3ff711c26a8e725f63e840e50a7f2d7a273250a31804885d35,cd90a3574d4ff9983c9f9b3dbc0509ce1671ba5712ee5b260ce8304e87cf3915,LOCAL_PATH_ROOT_SANITIZATION
01_prototype_303/notebooks/PRF3.ipynb,COPIED_SOURCE_ASSET,PROTOTYPE_303/阶段代码/prf3.ipynb,SUPPORTING,NOTEBOOK,189568,0e46f81bd6eb49f727c5e9c311ff7d61eca7dd7ba3a3f24a8bf141bab346597f,b97caaaf3e27a7f9076f4eba70c7b753a99a75b1c505b081172707ff6422b990,LOCAL_PATH_ROOT_SANITIZATION
01_prototype_303/notebooks/PRF303JG.ipynb,COPIED_SOURCE_ASSET,PROTOTYPE_303/阶段代码/prf303jg.ipynb,SUPPORTING,NOTEBOOK,31495,f93fbf5e488c21c11769b5632fc321015012d078a809d41b5fd6e872665dd88f,23579df4b61fe4facb23d58a6a9ed034eda5b82cefed2b38caceafabf509cd36,LOCAL_PATH_ROOT_SANITIZATION
01_prototype_303/notebooks_exported_py/PRF1_exported.py,DERIVED_NOTEBOOK_EXPORT,PROTOTYPE_303_NOTEBOOK_EXPORT/PRF1.ipynb,DERIVED,Notebook-derived Python source,55257,1df6641b738ae0ae6a420b5cc0c8a42ca248e464f4937f0be9b2962e2e42bb38,867a233328c3ea4b5913e07e50a931298619005f12dd622bed6b0a79368d7aaf,LOCAL_PATH_ROOT_SANITIZATION
01_prototype_303/notebooks_exported_py/PRF2_exported.py,DERIVED_NOTEBOOK_EXPORT,PROTOTYPE_303_NOTEBOOK_EXPORT/PRF2.ipynb,DERIVED,Notebook-derived Python source,162855,a0751383815176b770af148f868473b6fa36fe8a6ebb160a161589e0286475e7,4d342ffba8f856122f40728a831de4002ca19739c16395d9e01f2b98b6eddde1,LOCAL_PATH_ROOT_SANITIZATION
01_prototype_303/notebooks_exported_py/PRF303JG_exported.py,DERIVED_NOTEBOOK_EXPORT,PROTOTYPE_303_NOTEBOOK_EXPORT/PRF303JG.ipynb,DERIVED,Notebook-derived Python source,22870,6e0e89012e83d6fa440b05e02616a95f9d2b0f212e6a26bbd7e4189979e5b480,4b24a69e3a3a84554febc43df6c7ce59ead56294b42bafdae4c9d541cd97099e,LOCAL_PATH_ROOT_SANITIZATION
01_prototype_303/notebooks_exported_py/PRF3_exported.py,DERIVED_NOTEBOOK_EXPORT,PROTOTYPE_303_NOTEBOOK_EXPORT/PRF3.ipynb,DERIVED,Notebook-derived Python source,78009,d8493ac033558040147cf901f4c772bcc8aa0dbd345825cbf4529a2cdc4230db,12b2f64f1bd5bdd38102b38e7a95daa016a9ec090b52ab7be74b0d65cbbd53cf,LOCAL_PATH_ROOT_SANITIZATION
02_full_prf_pipeline/code/PRFquan1全量实验全样本.py,COPIED_SOURCE_ASSET,PROTOTYPE_303/阶段代码/prfquan1全量实验全样本.py,CANONICAL,PYTHON,56767,2f077847285e15e6bfeac91d9f3ec768f6c7e7015f64120d857d34aba987d923,d7f025b3efdc6eaeff1d691bae101b9b687f72c449e5fbd3cf7b66abdca371ce,LOCAL_PATH_ROOT_SANITIZATION
02_full_prf_pipeline/provenance/mother_U_copy_manifest_v1.json,COPIED_SOURCE_ASSET,FULL_PRF_HISTORY/yl/sota/logs/mother_u_copy_manifest_v1.json,SUPPORTING,Full PRF decision-universe provenance,426,f802e1e0890cc72881affc0e1f30859c3651a294110e79a94482cb2cc717ac8b,a44fb8226a7e7dba15548490864fb3496710508ccf12a7418751206481b707d1,LOCAL_PATH_ROOT_SANITIZATION
03_core_validation/ablation/ablation_metrics_v1.csv,COPIED_SOURCE_ASSET,FULL_PRF_HISTORY/yl/xryz/ablation_metrics_v1.csv,CANONICAL,PRF ablation study,342,f2a8867b1ffe44f96d91c2323b86f328ff9f257ede9ca0176413ba18db0e12a3,f2a8867b1ffe44f96d91c2323b86f328ff9f257ede9ca0176413ba18db0e12a3,
03_core_validation/ablation/ablation_metrics_v1.json,COPIED_SOURCE_ASSET,FULL_PRF_HISTORY/yl/xryz/ablation_metrics_v1.json,CANONICAL,PRF ablation study,1868,40b1aab425330434d92e3442d55db5680e125e75d76a00dc520e4b51406c9b4b,d70327fec8392177d58cf5cfae98fceee2a81beb8d69148c3577a6b1d13f3775,LOCAL_PATH_ROOT_SANITIZATION
03_core_validation/ablation/ablation_predictions_v1.jsonl,COPIED_SOURCE_ASSET,FULL_PRF_HISTORY/yl/xryz/ablation_predictions_v1.jsonl,CANONICAL,PRF ablation study,7266926,7174f1bc674467f5f37bae71b5d32ec80ab22f16cd27500b3b3e7156041d0d26,a500ebd697104f4696764e9f164a488051b173be60230cbfb6c43ceb84215b0d,LOCAL_PATH_ROOT_SANITIZATION
03_core_validation/code/PRF核心验证.py,COPIED_SOURCE_ASSET,PROTOTYPE_303/阶段代码/prf核心验证.py,CANONICAL,PYTHON,33150,7810bc699239734c9178bb1e0e2b1008cc246edc483bb4d6ac252d3bb0303660,ceb1703a603e455d822f566669a6ca31bae50cbc5aa744fe130d8c86b30d70b6,LOCAL_PATH_ROOT_SANITIZATION
03_core_validation/code/PRF核心验证v2尝试.py,COPIED_SOURCE_ASSET,PROTOTYPE_303/阶段代码/prf核心验证v2尝试.py,SUPPORTING,PYTHON,58353,afa2db38b56523b391c5f46bf5e2d4baf240a61d811fa517660f66908c017e37,03ddb950ff65e7e2c738d8cb37fdee27c74121a34df023192ebf0decaf2b3d2b,LOCAL_PATH_ROOT_SANITIZATION
03_core_validation/code/PRF消融实验.py,COPIED_SOURCE_ASSET,PROTOTYPE_303/阶段代码/prf消融实验.py,CANONICAL,PYTHON,14224,c9c3bae6f4ae48fa7f24ac82b08ebc0511c39d13c13f04b2d448def280f795bb,e950f32b62d0abf1d808309493c5aa0cd1f7267e7e9edb8574d8e0a47e40147d,LOCAL_PATH_ROOT_SANITIZATION
03_core_validation/metrics/core_metrics_v1.csv,COPIED_SOURCE_ASSET,FULL_PRF_HISTORY/yl/hxyz/core_metrics_v1.csv,SUPPORTING,PRF core validation,331,931b40b6edf8bdc658948e67bf4a23fca396a12ddcaed8ba1048a45fd10283dd,931b40b6edf8bdc658948e67bf4a23fca396a12ddcaed8ba1048a45fd10283dd,
03_core_validation/metrics/core_metrics_v1.json,COPIED_SOURCE_ASSET,FULL_PRF_HISTORY/yl/hxyz/core_metrics_v1.json,SUPPORTING,PRF core validation,1697,d4963e208b8978685acea3979eab5ca2df3d7d4505d6a3055bb661d8eedce1de,b5df62d0d1b75ff66240f0cfae26a445ac3be05f24062450fdb851c77940185e,LOCAL_PATH_ROOT_SANITIZATION
03_core_validation/metrics/prf_eval_split_reference_metrics_v1.json,COPIED_SOURCE_ASSET,FULL_PRF_HISTORY/yl/sota/outputs/prf_eval_split_reference_metrics_v1.json,SUPPORTING,PRF core validation,597,497950d30cb26acbbec17b6256194f8fc25aaf83fa2f853beaf46eb2d2bb71bb,497950d30cb26acbbec17b6256194f8fc25aaf83fa2f853beaf46eb2d2bb71bb,
03_core_validation/prompt_sensitivity/prompt_sensitivity_metrics_v1v2.csv,COPIED_SOURCE_ASSET,FULL_PRF_HISTORY/yl/hxyz/prompt_sensitivity_metrics_v1v2.csv,SUPPORTING,Prompt sensitivity,90,0e08bd53a62e9b4f67b30e818bd19137c52c39277cffda07287bf86d96d76fcf,0e08bd53a62e9b4f67b30e818bd19137c52c39277cffda07287bf86d96d76fcf,
03_core_validation/prompt_sensitivity/prompt_sensitivity_metrics_v1v2.json,COPIED_SOURCE_ASSET,FULL_PRF_HISTORY/yl/hxyz/prompt_sensitivity_metrics_v1v2.json,SUPPORTING,Prompt sensitivity,1701,c53d359d3530682f9e2349fb591acded8c02b23a20abe0c9139dfb0a2bcfbec9,42a600d7e190899e3090ef0a1db5fe39938db7c2539f1e27529da3b0c558edf2,LOCAL_PATH_ROOT_SANITIZATION
04_distillation_dataset/code/PRF蒸馏数据集文本切分.py,COPIED_SOURCE_ASSET,PROTOTYPE_303/阶段代码/prf蒸馏数据集文本切分.py,CANONICAL,PYTHON,14037,9181ae6876676358fb0ec2b063ec3b7eb8bc25801a2a92a1899adae9072d1ec1,e1924ccd9e80f7e226880c333b40da31bf7cbd40360e1143c22f0cc767405534,LOCAL_PATH_ROOT_SANITIZATION
04_distillation_dataset/code/PRF蒸馏数据集视觉切分.py,COPIED_SOURCE_ASSET,PROTOTYPE_303/阶段代码/prf蒸馏数据集视觉切分.py,CANONICAL,PYTHON,10809,2309f05e4e15fcbdc88906bed5f61e04bd05856518e7eb6ea470bbabb8fe5cd2,7735cea5643917750de866b9c44a32f4e4e2dd4708eb421104bb5bc737f8c944,LOCAL_PATH_ROOT_SANITIZATION
05_student_lora/base_model_metadata/01_required_assets.csv,COPIED_SOURCE_ASSET,PHASE2_STUDENT_EXTERNAL/g4-s0d_hf_base_final_freeze/01_required_assets.csv,SUPPORTING,Student base-model provenance,293,8d33dc297dd13decf0f3a8138ed7829f493124219e9e155ad243213bfa5e15c4,8d33dc297dd13decf0f3a8138ed7829f493124219e9e155ad243213bfa5e15c4,
05_student_lora/base_model_metadata/02_weight_shards.csv,COPIED_SOURCE_ASSET,PHASE2_STUDENT_EXTERNAL/g4-s0d_hf_base_final_freeze/02_weight_shards.csv,SUPPORTING,Student base-model provenance,274,fd98ae420ee90059c48a9e25b0292e319f39ca7b2761af65ab6e7d914b2c558d,fd98ae420ee90059c48a9e25b0292e319f39ca7b2761af65ab6e7d914b2c558d,
05_student_lora/base_model_metadata/03_hf_base_sha256.csv,COPIED_SOURCE_ASSET,PHASE2_STUDENT_EXTERNAL/g4-s0d_hf_base_final_freeze/03_hf_base_sha256.csv,SUPPORTING,Student base-model provenance,2118,af01096d18e96784b50b41a6a875649d88788282bdcfc0da223000ff120bdb73,102a9885b6764362de20e2604ed1240b367b511a63c1859ec2d97b82b53e1170,LOCAL_PATH_ROOT_SANITIZATION
05_student_lora/base_model_metadata/G4_S0D_HF_BASE_FREEZE.json,COPIED_SOURCE_ASSET,PHASE2_STUDENT_EXTERNAL/g4-s0d_hf_base_final_freeze/g4_s0d_hf_base_freeze.json,SUPPORTING,Student base-model provenance,1101,9b753329119c91d4cffee207eb91c86f902105a55387cb9daf9fac9688009503,454da70c803f604612b9a5a29c327f31a0434e944ea3c02e4768ae8cc7fe84b1,LOCAL_PATH_ROOT_SANITIZATION
05_student_lora/base_model_metadata/G4_S0D_HF_BASE_FREEZE.txt,COPIED_SOURCE_ASSET,PHASE2_STUDENT_EXTERNAL/g4-s0d_hf_base_final_freeze/g4_s0d_hf_base_freeze.txt,SUPPORTING,Student base-model provenance,759,7a2440e2d723447a7944c88e5ab190cf16cfefd32867b254e78f4be457f2d628,8e440197470ebf220b41f406c39f45f3080dbd7fd10370e7c8ae5e604f3b889e,LOCAL_PATH_ROOT_SANITIZATION
05_student_lora/evaluation/test2000_confusion_matrix.json,COPIED_SOURCE_ASSET,STUDENT_DISTILLATION_STAGE/eval_results/test2000_confusion_matrix.json,SUPPORTING,Original distilled Student evaluation,161,afd028e84c4879b7e275b1562739d03aa254e7e3e4f2ac3dc83ead02524898ac,afd028e84c4879b7e275b1562739d03aa254e7e3e4f2ac3dc83ead02524898ac,
05_student_lora/evaluation/test2000_eval_report.json,COPIED_SOURCE_ASSET,STUDENT_DISTILLATION_STAGE/eval_results/test2000_eval_report.json,SUPPORTING,Original distilled Student evaluation,1209,ac02daae7f88b5361f96a7f6a646dd5a2dbb8407c44374b77cd1459047efeccf,ac02daae7f88b5361f96a7f6a646dd5a2dbb8407c44374b77cd1459047efeccf,
05_student_lora/evaluation/test2000_predictions.jsonl,COPIED_SOURCE_ASSET,STUDENT_DISTILLATION_STAGE/eval_results/test2000_predictions.jsonl,SUPPORTING,Original distilled Student evaluation,489720,9710cdda4d3ec14a5cd2e9f45156ce67df7d0c0fc46c47b47fe03cb492cbf6f9,79543f5e3e05dd35aa1bca628c5aa14e4347bcba2cfc6d38d829018c2b556c36,LOCAL_PATH_ROOT_SANITIZATION
05_student_lora/evaluation/test2000_summary.json,COPIED_SOURCE_ASSET,STUDENT_DISTILLATION_STAGE/eval_results/test2000_summary.json,SUPPORTING,Original distilled Student evaluation,482,8bafb01fdb171da762daf950bc752c48c78550dc760cef812eff9c82344248f9,8bafb01fdb171da762daf950bc752c48c78550dc760cef812eff9c82344248f9,
05_student_lora/evaluation/test_stratified_2000.jsonl,COPIED_SOURCE_ASSET,STUDENT_DISTILLATION_STAGE/eval_results/test_stratified_2000.jsonl,SUPPORTING,Original distilled Student evaluation,588515,1ab3cbbfae25fbd28e0c582c92ced344e5e4e0dd818749e7f956d9fd5dfde1d2,2e384380495d7ceff38e1408edff4181fc7c551a675732f37800371233866ab9,LOCAL_PATH_ROOT_SANITIZATION
05_student_lora/evaluation/test_stratified_2000_meta.json,COPIED_SOURCE_ASSET,STUDENT_DISTILLATION_STAGE/eval_results/test_stratified_2000_meta.json,SUPPORTING,Original distilled Student evaluation,375,f0a7aa1a4c8f6ab25864d0ef5a3f0a6e2342a83784087e30d7165803e2863c37,1dc468053692309d8544bd106973eefa15db4797c03127018f485533dec0324d,LOCAL_PATH_ROOT_SANITIZATION
05_student_lora/evaluation/val1000_confusion_matrix.json,COPIED_SOURCE_ASSET,STUDENT_DISTILLATION_STAGE/eval_results/val1000_confusion_matrix.json,SUPPORTING,Original distilled Student evaluation,158,cb77c0a130d0a7f6792c8cada3d3b694b48ccff2c4c47fb0461592357f1c2515,cb77c0a130d0a7f6792c8cada3d3b694b48ccff2c4c47fb0461592357f1c2515,
05_student_lora/evaluation/val1000_eval_report.json,COPIED_SOURCE_ASSET,STUDENT_DISTILLATION_STAGE/eval_results/val1000_eval_report.json,SUPPORTING,Original distilled Student evaluation,1074,bce1193d7903330d096ab9eb0ecb09ff544906169adb59f1193c83982c933da0,bce1193d7903330d096ab9eb0ecb09ff544906169adb59f1193c83982c933da0,
05_student_lora/evaluation/val1000_predictions.jsonl,COPIED_SOURCE_ASSET,STUDENT_DISTILLATION_STAGE/eval_results/val1000_predictions.jsonl,SUPPORTING,Original distilled Student evaluation,244972,f287734f3172e6e88f4f444b14ff3843ae7bab0050b850cd67159d5261130bff,a9eaf1ce2d3a711c3e47b9d9f958bce6f4e992118bea0c3f297fbc9a62e23199,LOCAL_PATH_ROOT_SANITIZATION
05_student_lora/evaluation/val1000_summary.json,COPIED_SOURCE_ASSET,STUDENT_DISTILLATION_STAGE/eval_results/val1000_summary.json,SUPPORTING,Original distilled Student evaluation,465,2d03099b45917571e695c1846055e66057ebc36ffe89d98289e9b7c28df09d41,2d03099b45917571e695c1846055e66057ebc36ffe89d98289e9b7c28df09d41,
05_student_lora/evaluation/val_stratified_1000.jsonl,COPIED_SOURCE_ASSET,STUDENT_DISTILLATION_STAGE/eval_results/val_stratified_1000.jsonl,SUPPORTING,Original distilled Student evaluation,294388,4fa86422dc565c94c14c00840d2594003d2ef5037f8651d74bd7672cb18bbcae,e113c4a147a22cf7883327e506636e69909cbcc09d5eb5fefc320ec7c236041d,LOCAL_PATH_ROOT_SANITIZATION
05_student_lora/evaluation/val_stratified_1000_meta.json,COPIED_SOURCE_ASSET,STUDENT_DISTILLATION_STAGE/eval_results/val_stratified_1000_meta.json,SUPPORTING,Original distilled Student evaluation,373,c5b96bdec13f4d78e467907d4dc656a7be5e5d9db21d246693891f066a25e582,10d2e6a485f6d4ccf38bd520ba73a0ea1c3609d11e58fa852048bb6aa1f245ff,LOCAL_PATH_ROOT_SANITIZATION
05_student_lora/final_adapter/original_student/README.md,COPIED_SOURCE_ASSET,STUDENT_DISTILLATION_STAGE/04_最终模型_final/final/readme.md,CANONICAL,Original distilled Student model,5492,6967c8ec7f7ec49173d235f3726dec383f7179598627b3a33a1334870e78d150,2b3deaecf6dd0886fd9f36e9c4adadf4015c205306a3bae76fd68f1525e8e573,LOCAL_PATH_ROOT_SANITIZATION
05_student_lora/final_adapter/original_student/adapter_config.json,COPIED_SOURCE_ASSET,STUDENT_DISTILLATION_STAGE/04_最终模型_final/final/adapter_config.json,CANONICAL,Original distilled Student model,1089,4bde6f6a5ae3723455679b2e7af4a4bb4bc51c2a20877f66262fd4ab5613698d,742b2f602084490d198f8c4d3d5499c05e0d11fc562a76c71f5c76d02667072f,LOCAL_PATH_ROOT_SANITIZATION
05_student_lora/final_adapter/original_student/adapter_model.safetensors,COPIED_SOURCE_ASSET,STUDENT_DISTILLATION_STAGE/04_最终模型_final/final/adapter_model.safetensors,CANONICAL,original_distilled_student,30713512,ca8839bb328ed03322432fa43035edb8c0ee37882d66dba7198d45bd9a2657bd,ca8839bb328ed03322432fa43035edb8c0ee37882d66dba7198d45bd9a2657bd,
05_student_lora/runtime/G4_S1A4_STUDENT_RUNTIME_FINAL_FREEZE.json,COPIED_SOURCE_ASSET,PHASE2_STUDENT_EXTERNAL/g4-s1a4_student_runtime_final_freeze/g4_s1a4_student_runtime_final_freeze.json,SUPPORTING,Student runtime provenance,3213,9282ed52cfce8dcd3b628ae0f035bb5dea15cd45e19f912f7977073bd1ac798a,9b97834de15ce1fffb89a03d5570e79dd06a24cdb26e2064a614eac10ab89b1a,LOCAL_PATH_ROOT_SANITIZATION
05_student_lora/training/11_make_keep_indices_from_trainA_v2.py,COPIED_SOURCE_ASSET,STUDENT_DISTILLATION_STAGE/00_核心代码/11_make_keep_indices_from_traina_v2.py,CANONICAL,PYTHON,2806,b912a9733742c2f7065c508dfd6ac4cf4a44d3ad88e1430e6907433737dd1fb0,b912a9733742c2f7065c508dfd6ac4cf4a44d3ad88e1430e6907433737dd1fb0,
05_student_lora/training/12_train_lora_from_cache_keepidx_trainA_fast100.py,COPIED_SOURCE_ASSET,STUDENT_DISTILLATION_STAGE/00_核心代码/12_train_lora_from_cache_keepidx_traina_fast100.py,CANONICAL,PYTHON,5556,8ee9ce279621e11759c390ae2b69f0c7671ae9bc2c8defa2ef1541157c61368c,8ee9ce279621e11759c390ae2b69f0c7671ae9bc2c8defa2ef1541157c61368c,
05_student_lora/training/13_train_lora_full_keepidx_trainA.py,COPIED_SOURCE_ASSET,STUDENT_DISTILLATION_STAGE/00_核心代码/13_train_lora_full_keepidx_traina.py,CANONICAL,PYTHON,6419,d6eb55bad48deb3d5f8ed1a3040943084e0cff9bee1455b59a49c8505dddc9df,d6eb55bad48deb3d5f8ed1a3040943084e0cff9bee1455b59a49c8505dddc9df,
05_student_lora/training/14_resume_from_ckpt020000_nan_safe.py,COPIED_SOURCE_ASSET,STUDENT_DISTILLATION_STAGE/00_核心代码/14_resume_from_ckpt020000_nan_safe.py,CANONICAL,PYTHON,8862,028ef546fda1797c3e225a79c698d5977d4e69574e3b692637d581c5f4c9f2e4,028ef546fda1797c3e225a79c698d5977d4e69574e3b692637d581c5f4c9f2e4,
05_student_lora/training/resume_meta.json,COPIED_SOURCE_ASSET,STUDENT_DISTILLATION_STAGE/03_训练结果_恢复final_run/resume_meta.json,SUPPORTING,Original Student training provenance,518,d188c8d30c8cd26fb883979f5e0a93c3e27de627e54d81bf5f1eb673ec204200,c60275862e8bef8e97577bb4d2a3e0b1a51920a6892b52e0c893c2f3ccc2b805,LOCAL_PATH_ROOT_SANITIZATION
05_student_lora/training/train_log.jsonl,COPIED_SOURCE_ASSET,STUDENT_DISTILLATION_STAGE/03_训练结果_恢复final_run/train_log.jsonl,SUPPORTING,Original Student training provenance,56298,c23012cc86f8a25c4808e422d9f2f95187344765373f97c379889136849dee86,c23012cc86f8a25c4808e422d9f2f95187344765373f97c379889136849dee86,
06_external_validation/phase1_teacher_prf/datasets/CLWD/final_results_v1.csv,COPIED_SOURCE_ASSET,PHASE1_EXTERNAL/02_external_validation/g3j_clwd/01_shared_watermark_dev/99_final_closure/final_results_v1.csv,SUPPORTING,CLWD external validation,28239,1233d843f09db4c2262890a09334588106696c7da46be91bbf5594f04ae9420b,27161a518f7a791f37f544e3999a762bf09dc26540f56578836c62f8a387af04,LOCAL_PATH_ROOT_SANITIZATION
06_external_validation/phase1_teacher_prf/datasets/CLWD/final_summary_v1.json,COPIED_SOURCE_ASSET,PHASE1_EXTERNAL/02_external_validation/g3j_clwd/01_shared_watermark_dev/99_final_closure/final_summary_v1.json,SUPPORTING,CLWD external validation,1261,aca39d999f7f7010a2fdae147fe087adc4d8ed72451a29521b4ec54da27d82d7,aca39d999f7f7010a2fdae147fe087adc4d8ed72451a29521b4ec54da27d82d7,
06_external_validation/phase1_teacher_prf/datasets/CLWD/freeze_manifest_v1.json,COPIED_SOURCE_ASSET,PHASE1_EXTERNAL/02_external_validation/g3j_clwd/01_shared_watermark_dev/99_final_closure/freeze_manifest_v1.json,SUPPORTING,CLWD external validation,1064,e85b62e48a165f927c11b749855fd464a441a48a397aab3e0910d0d73510d471,e85b62e48a165f927c11b749855fd464a441a48a397aab3e0910d0d73510d471,
06_external_validation/phase1_teacher_prf/datasets/COVERAGE1000/final_results_v1.csv,COPIED_SOURCE_ASSET,PHASE1_EXTERNAL/02_external_validation/g3g_coverage1000_confirmatory/99_final_closure/final_results_v1.csv,SUPPORTING,COVERAGE1000 external validation,327016,28554946b0593c28b6ddb531fc941160d6187e005291a1ed32f5cde6d03b3acf,258e4df53212d600e0225fd7b59b3acf260c7029f53244e68e605dfe18ad9fdd,LOCAL_PATH_ROOT_SANITIZATION
06_external_validation/phase1_teacher_prf/datasets/COVERAGE1000/final_summary_v1.json,COPIED_SOURCE_ASSET,PHASE1_EXTERNAL/02_external_validation/g3g_coverage1000_confirmatory/99_final_closure/final_summary_v1.json,SUPPORTING,COVERAGE1000 external validation,2997,795e8244c71d2e05564f3d1e14a59336e79b5951c8d6585e0ddc1b666e7d7ad5,795e8244c71d2e05564f3d1e14a59336e79b5951c8d6585e0ddc1b666e7d7ad5,
06_external_validation/phase1_teacher_prf/datasets/COVERAGE1000/freeze_manifest_v1.json,COPIED_SOURCE_ASSET,PHASE1_EXTERNAL/02_external_validation/g3g_coverage1000_confirmatory/99_final_closure/freeze_manifest_v1.json,SUPPORTING,COVERAGE1000 external validation,1960,3d8e9cee520cb6f3d9f37474dfafbd82389c396466c63b8ba0c1f0a79b516dfb,3d8e9cee520cb6f3d9f37474dfafbd82389c396466c63b8ba0c1f0a79b516dfb,
06_external_validation/phase1_teacher_prf/datasets/IMD2020/IMD2020_pairs_828_freeze_v1.json,COPIED_SOURCE_ASSET,PHASE1_EXTERNAL/02_external_validation/g3l_imd2020/01_manifest/imd2020_pairs_828_freeze_v1.json,SUPPORTING,IMD2020 external validation,584,5e5bbf6d9fab50cfdf2daff951a0744d2f1d5df49022cd3aa9b8f132155244e9,5e5bbf6d9fab50cfdf2daff951a0744d2f1d5df49022cd3aa9b8f132155244e9,
06_external_validation/phase1_teacher_prf/datasets/IMD2020/final_results_v1.csv,COPIED_SOURCE_ASSET,PHASE1_EXTERNAL/02_external_validation/g3l_imd2020/99_final_closure/final_results_v1.csv,SUPPORTING,IMD2020 external validation,193589,b6f7316ac01ee980ae59c2eebc8498bec2643177a4be5a608adf918eff0e1cdc,9cd5e51eb131ad537cb0c7e652b5802446b0cb7a37260e53e1e9ae5221c78caa,LOCAL_PATH_ROOT_SANITIZATION
06_external_validation/phase1_teacher_prf/datasets/IMD2020/final_summary_v1.json,COPIED_SOURCE_ASSET,PHASE1_EXTERNAL/02_external_validation/g3l_imd2020/99_final_closure/final_summary_v1.json,SUPPORTING,IMD2020 external validation,1368,2ac309f43af160c0c61ac6e2f37e451a032bbca647700ca8ed04aed61ca8404a,2ac309f43af160c0c61ac6e2f37e451a032bbca647700ca8ed04aed61ca8404a,
06_external_validation/phase1_teacher_prf/datasets/IMD2020/freeze_manifest_v1.json,COPIED_SOURCE_ASSET,PHASE1_EXTERNAL/02_external_validation/g3l_imd2020/99_final_closure/freeze_manifest_v1.json,SUPPORTING,IMD2020 external validation,1067,bfecd7c7e815ce7e62a7f91a50d69fa41f6e5c26371becb4ead240587a9da172,bfecd7c7e815ce7e62a7f91a50d69fa41f6e5c26371becb4ead240587a9da172,
06_external_validation/phase1_teacher_prf/datasets/INRIA_COVERAGE/COVERAGE_manifest_freeze_v1.json,COPIED_SOURCE_ASSET,PHASE1_EXTERNAL/02_external_validation/g3g_inria_coverage/01_manifest/coverage_manifest_freeze_v1.json,SUPPORTING,INRIA_COVERAGE external validation,631,8e1d47fd14ca80540e2cfa93dd944277b356c1bf755d54074e6a2b5c19c19676,8e1d47fd14ca80540e2cfa93dd944277b356c1bf755d54074e6a2b5c19c19676,
06_external_validation/phase1_teacher_prf/datasets/INRIA_COVERAGE/INRIA_Copydays_manifest_freeze_v1.json,COPIED_SOURCE_ASSET,PHASE1_EXTERNAL/02_external_validation/g3g_inria_coverage/01_manifest/inria_copydays_manifest_freeze_v1.json,SUPPORTING,INRIA_COVERAGE external validation,484,c11e4409f0fe44937a8324ad9579108e61090cd8e909cfd90ade9ebc8b23a26b,c11e4409f0fe44937a8324ad9579108e61090cd8e909cfd90ade9ebc8b23a26b,
06_external_validation/phase1_teacher_prf/datasets/INRIA_COVERAGE/final_results_v1.csv,COPIED_SOURCE_ASSET,PHASE1_EXTERNAL/02_external_validation/g3g_inria_coverage/99_final_closure/final_results_v1.csv,SUPPORTING,INRIA_COVERAGE external validation,64850,1c1960cbfd7cad668e5babe2f62f6ddb62d8711270a820dd593bffa91074cc62,ccbd9164e73f11990db3f3898e9247c615c4fc8d20b8e0e9d014ef19a9824345,LOCAL_PATH_ROOT_SANITIZATION
06_external_validation/phase1_teacher_prf/datasets/INRIA_COVERAGE/final_summary_v1.json,COPIED_SOURCE_ASSET,PHASE1_EXTERNAL/02_external_validation/g3g_inria_coverage/99_final_closure/final_summary_v1.json,SUPPORTING,INRIA_COVERAGE external validation,1171,5d42070be42736c3e94a24e0c64e31c334a117fdf884291a7b896314591117cf,5d42070be42736c3e94a24e0c64e31c334a117fdf884291a7b896314591117cf,
06_external_validation/phase1_teacher_prf/datasets/INRIA_COVERAGE/freeze_manifest_v1.json,COPIED_SOURCE_ASSET,PHASE1_EXTERNAL/02_external_validation/g3g_inria_coverage/99_final_closure/freeze_manifest_v1.json,SUPPORTING,INRIA_COVERAGE external validation,1385,9efb711af35d2a7f0fb2201499b0afd6e6e0ddeb90fac3375ecf20da703b8251,9efb711af35d2a7f0fb2201499b0afd6e6e0ddeb90fac3375ecf20da703b8251,
06_external_validation/phase1_teacher_prf/datasets/ISC2021/final_results_v1.csv,COPIED_SOURCE_ASSET,PHASE1_EXTERNAL/02_external_validation/g3i_isc2021/99_final_closure/final_results_v1.csv,SUPPORTING,ISC2021 external validation,52885,963efb4d56846a38863f60224916b0673aea6caf9e4257781431e709380acbac,c94938dfbbf2c4d85d1f2a9645e2c839849c685a6fb95ec012ce3008c7a98e1f,LOCAL_PATH_ROOT_SANITIZATION
06_external_validation/phase1_teacher_prf/datasets/ISC2021/final_summary_v1.json,COPIED_SOURCE_ASSET,PHASE1_EXTERNAL/02_external_validation/g3i_isc2021/99_final_closure/final_summary_v1.json,SUPPORTING,ISC2021 external validation,1265,aff3bef51d0fd52a890c2a89d605cf47b9eb05eb97596198e4ee8f306d1ee0fb,aff3bef51d0fd52a890c2a89d605cf47b9eb05eb97596198e4ee8f306d1ee0fb,
06_external_validation/phase1_teacher_prf/datasets/ISC2021/freeze_manifest_v1.json,COPIED_SOURCE_ASSET,PHASE1_EXTERNAL/02_external_validation/g3i_isc2021/99_final_closure/freeze_manifest_v1.json,SUPPORTING,ISC2021 external validation,1067,f59883c02287af998680d657e276907c26c6dab76b120d6e47e51ad677d23638,f59883c02287af998680d657e276907c26c6dab76b120d6e47e51ad677d23638,
06_external_validation/phase1_teacher_prf/datasets/LIVE/LIVE_Multiply_canonical_full_v1.csv,COPIED_SOURCE_ASSET,PHASE1_EXTERNAL/02_external_validation/g3f_live_multiply/01_manifest/live_multiply_canonical_full_v1.csv,SUPPORTING,LIVE external validation,153599,440837053d7a263f6932051cdfa1df72cb247e624fa9330115c572ba38a033b1,2b55a07b7b9a7cb6d7e9abc17c85ebd91e64ad6250bdadda68a793afd91cbef5,LOCAL_PATH_ROOT_SANITIZATION
06_external_validation/phase1_teacher_prf/datasets/LIVE/LIVE_Multiply_primary_final_audit_v1.json,COPIED_SOURCE_ASSET,PHASE1_EXTERNAL/02_external_validation/g3f_live_multiply/04_statistics/live_multiply_primary_final_audit_v1.json,SUPPORTING,LIVE external validation,2143,eb6aca977cec915f3f6fbd51b6656abbbfb832a2fa2a78633144f37e61b18e80,eb6aca977cec915f3f6fbd51b6656abbbfb832a2fa2a78633144f37e61b18e80,
06_external_validation/phase1_teacher_prf/datasets/LIVE/LIVE_Multiply_primary_final_predictions_v1.csv,COPIED_SOURCE_ASSET,PHASE1_EXTERNAL/02_external_validation/g3f_live_multiply/04_statistics/live_multiply_primary_final_predictions_v1.csv,SUPPORTING,LIVE external validation,183391,d6cbed4122b2ac0f6c13704d44a04ccc08e6acb65589292193bb382656ff4429,d6cbed4122b2ac0f6c13704d44a04ccc08e6acb65589292193bb382656ff4429,
06_external_validation/phase1_teacher_prf/datasets/LVW/LVW_pairs_2000_freeze_v1.json,COPIED_SOURCE_ASSET,PHASE1_EXTERNAL/02_external_validation/g3k_lvw/01_manifest/lvw_pairs_2000_freeze_v1.json,SUPPORTING,LVW external validation,653,a4b2e8e31e362937b9d5e057dccc942bf40f961627419dd0d4bf04be0f8c10f8,a4b2e8e31e362937b9d5e057dccc942bf40f961627419dd0d4bf04be0f8c10f8,
06_external_validation/phase1_teacher_prf/datasets/LVW/final_results_v1.csv,COPIED_SOURCE_ASSET,PHASE1_EXTERNAL/02_external_validation/g3k_lvw/99_final_closure/final_results_v1.csv,SUPPORTING,LVW external validation,559659,ccf7bb4e839b9865367813dc16f1bcc5e922e0ea77718e44f5ea87cb6b0222fc,a45099c521ffc742742e9ca2d3e93071159240c36cd1e18554c4ede8333117e0,LOCAL_PATH_ROOT_SANITIZATION
06_external_validation/phase1_teacher_prf/datasets/LVW/final_summary_v1.json,COPIED_SOURCE_ASSET,PHASE1_EXTERNAL/02_external_validation/g3k_lvw/99_final_closure/final_summary_v1.json,SUPPORTING,LVW external validation,1277,fabc3206607174390c525d720d7d8ed429906eb18a0eae522050b3ac58422b53,fabc3206607174390c525d720d7d8ed429906eb18a0eae522050b3ac58422b53,
06_external_validation/phase1_teacher_prf/datasets/LVW/freeze_manifest_v1.json,COPIED_SOURCE_ASSET,PHASE1_EXTERNAL/02_external_validation/g3k_lvw/99_final_closure/freeze_manifest_v1.json,SUPPORTING,LVW external validation,1063,cfd4b68a2affb5437d4e5cf5f4b01d55fadc8702feaab38465e3e9f8f024164e,cfd4b68a2affb5437d4e5cf5f4b01d55fadc8702feaab38465e3e9f8f024164e,
06_external_validation/phase1_teacher_prf/datasets/PIPAL/PIPAL_D1_challenge1000_final_audit_v1.json,COPIED_SOURCE_ASSET,PHASE1_EXTERNAL/02_external_validation/g3d_pipal/04_statistics/pipal_d1_challenge1000_final_audit_v1.json,SUPPORTING,PIPAL external validation,2478,1f3f9d9b3215d0771c9f45b9c76a01e0ea5430ecbc5f266bdfada6c1f8806a9c,1f3f9d9b3215d0771c9f45b9c76a01e0ea5430ecbc5f266bdfada6c1f8806a9c,
06_external_validation/phase1_teacher_prf/datasets/PIPAL/PIPAL_D1_challenge1000_final_predictions_v1.csv,COPIED_SOURCE_ASSET,PHASE1_EXTERNAL/02_external_validation/g3d_pipal/04_statistics/pipal_d1_challenge1000_final_predictions_v1.csv,SUPPORTING,PIPAL external validation,458118,f58aeebc0436d471747aadc78367f5e0112d7d3efdc8048032134574bc7d77fa,f58aeebc0436d471747aadc78367f5e0112d7d3efdc8048032134574bc7d77fa,
06_external_validation/phase1_teacher_prf/datasets/PIPAL/PIPAL_Distortion1_canonical_full_v1.csv,COPIED_SOURCE_ASSET,PHASE1_EXTERNAL/02_external_validation/g3d_pipal/01_manifest/pipal_distortion1_canonical_full_v1.csv,SUPPORTING,PIPAL external validation,1219786,3c94ff1608df8cf46368a5e9e7f0ba5f363dc4568ca701ad57ca8518e7700f7c,0bac141ba748e0670564b3db936514256c02c41ca1fa9c3bf570a25e54934227,LOCAL_PATH_ROOT_SANITIZATION
06_external_validation/phase1_teacher_prf/datasets/Waterloo/waterloo_final_by_distortion_level_v1.csv,COPIED_SOURCE_ASSET,PHASE1_EXTERNAL/02_external_validation/g3e_waterloo/04_statistical_freeze/waterloo_final_by_distortion_level_v1.csv,CANONICAL,Waterloo external validation,4421,72247d4eeb8b28cb5f349f4ce81b56f51b5838d7eb15c296ccf093ca88ba1067,72247d4eeb8b28cb5f349f4ce81b56f51b5838d7eb15c296ccf093ca88ba1067,
06_external_validation/phase1_teacher_prf/datasets/Waterloo/waterloo_final_by_distortion_v1.csv,COPIED_SOURCE_ASSET,PHASE1_EXTERNAL/02_external_validation/g3e_waterloo/04_statistical_freeze/waterloo_final_by_distortion_v1.csv,CANONICAL,Waterloo external validation,1367,34e0a9be80f96cd93c6619715f9f3549e3daa7f652a63f3572557732290d7aa0,34e0a9be80f96cd93c6619715f9f3549e3daa7f652a63f3572557732290d7aa0,
06_external_validation/phase1_teacher_prf/datasets/Waterloo/waterloo_final_overall_v1.csv,COPIED_SOURCE_ASSET,PHASE1_EXTERNAL/02_external_validation/g3e_waterloo/04_statistical_freeze/waterloo_final_overall_v1.csv,CANONICAL,Waterloo external validation,887,877b846f55b798d99f7c3e8b7e95ffb2d003f181ba0495a24a733d34c6fae12d,877b846f55b798d99f7c3e8b7e95ffb2d003f181ba0495a24a733d34c6fae12d,
06_external_validation/phase1_teacher_prf/datasets/Waterloo/waterloo_final_paired_tests_v1.csv,COPIED_SOURCE_ASSET,PHASE1_EXTERNAL/02_external_validation/g3e_waterloo/04_statistical_freeze/waterloo_final_paired_tests_v1.csv,CANONICAL,Waterloo external validation,686,1a2907ec86d5c39e9c2a50520769bf5ef13a68676ba32f01fb1f19d3743cd758,1a2907ec86d5c39e9c2a50520769bf5ef13a68676ba32f01fb1f19d3743cd758,
06_external_validation/phase1_teacher_prf/datasets/Waterloo/waterloo_final_statistical_freeze_v1.json,COPIED_SOURCE_ASSET,PHASE1_EXTERNAL/02_external_validation/g3e_waterloo/04_statistical_freeze/waterloo_final_statistical_freeze_v1.json,CANONICAL,Waterloo external validation,89710,c89b558239e6641034ca32760c183779a64e3e92d7863182400eaa60c47477e9,ac8b9d996165adc594d94e63c8d85dc5d9f69b796eb398e254f5d72c480d38db,LOCAL_PATH_ROOT_SANITIZATION
06_external_validation/phase1_teacher_prf/datasets/Waterloo/waterloo_prf_vs_direct30b_disagreements_v1.csv,COPIED_SOURCE_ASSET,PHASE1_EXTERNAL/02_external_validation/g3e_waterloo/04_statistical_freeze/waterloo_prf_vs_direct30b_disagreements_v1.csv,CANONICAL,Waterloo external validation,24773,bfd92ab7f33d381705c62117d5373011dd0929433714899cce66a7b82fff3632,bfd92ab7f33d381705c62117d5373011dd0929433714899cce66a7b82fff3632,
06_external_validation/phase1_teacher_prf/final_audit/External_Final_Audit_Freeze_v1.json,COPIED_SOURCE_ASSET,PHASE1_EXTERNAL/02_external_validation/g3n_external_final_audit/external_final_audit_freeze_v1.json,CANONICAL,Teacher/PRF external validation,1149,30ff88646da26f773ee0b01a85027ce94765b9edd851e9ea596410dc85640b4c,30ff88646da26f773ee0b01a85027ce94765b9edd851e9ea596410dc85640b4c,
06_external_validation/phase1_teacher_prf/final_audit/External_Final_Audit_Summary_v1.json,COPIED_SOURCE_ASSET,PHASE1_EXTERNAL/02_external_validation/g3n_external_final_audit/external_final_audit_summary_v1.json,CANONICAL,Teacher/PRF external validation,2772,dfc427ab6229860b0dc93defee33e4f80103a575c94ba1474b65c63857304806,dfc427ab6229860b0dc93defee33e4f80103a575c94ba1474b65c63857304806,
06_external_validation/phase1_teacher_prf/final_audit/Table_Main_External_Validation_v1.csv,COPIED_SOURCE_ASSET,PHASE1_EXTERNAL/02_external_validation/g3n_external_final_audit/table_main_external_validation_v1.csv,CANONICAL,Teacher/PRF external validation,1381,b7723bddd2272eb8f9eceacd848934d001c1e367d6d4d99ce8d4d07c8e505237,b7723bddd2272eb8f9eceacd848934d001c1e367d6d4d99ce8d4d07c8e505237,
06_external_validation/phase1_teacher_prf/final_audit/Table_Route_Only_Audit_v1.csv,COPIED_SOURCE_ASSET,PHASE1_EXTERNAL/02_external_validation/g3n_external_final_audit/table_route_only_audit_v1.csv,CANONICAL,Teacher/PRF external validation,369,e3c3a057cab050428202149e3ffbfb7d469f3b3ff4babfbc916043ebd11e1f7e,e3c3a057cab050428202149e3ffbfb7d469f3b3ff4babfbc916043ebd11e1f7e,
06_external_validation/phase1_teacher_prf/final_audit/Table_Supp_COVERAGE1000_v1.csv,COPIED_SOURCE_ASSET,PHASE1_EXTERNAL/02_external_validation/g3n_external_final_audit/table_supp_coverage1000_v1.csv,CANONICAL,Teacher/PRF external validation,670,19300034e419cd8ebb0c917242ae3fc85662af73d3ec255b8afd051318c21f13,19300034e419cd8ebb0c917242ae3fc85662af73d3ec255b8afd051318c21f13,
06_external_validation/phase1_teacher_prf/final_audit/supporting/COVERAGE200_Teacher_Correction_Cases_v1.csv,COPIED_SOURCE_ASSET,PHASE1_EXTERNAL/02_external_validation/g3n_external_final_audit/coverage200_teacher_correction_cases_v1.csv,SUPPORTING,Teacher/PRF external validation,1607,93b2cf9d0f9582ab0888a54f4ce52f844a4d7b288d5a62165cef88afe9ac9b6c,97571c318504b3f6e9b984b8cdcd8f006432b3667eb91c42a7cd33470927c48a,LOCAL_PATH_ROOT_SANITIZATION
06_external_validation/phase1_teacher_prf/final_audit/supporting/External_Final_Audit_Report_v1.md,COPIED_SOURCE_ASSET,PHASE1_EXTERNAL/02_external_validation/g3n_external_final_audit/external_final_audit_report_v1.md,SUPPORTING,Teacher/PRF external validation,4007,e85d3738147471f89d5e0f8546b6dfa04b0632ca38d61fd8c4c5d75ff5ad5537,e85d3738147471f89d5e0f8546b6dfa04b0632ca38d61fd8c4c5d75ff5ad5537,
06_external_validation/phase1_teacher_prf/frozen_prf/external_final_metrics_v1.json,COPIED_SOURCE_ASSET,PHASE1_EXTERNAL/02_external_validation/g3b_frozen_prf/external_final_metrics_v1.json,CANONICAL,Frozen PRF external baseline,4077,62a92bd006f40675b839ce3b3d0bd5c46a555e8be6620de84117d6c549b637ac,62a92bd006f40675b839ce3b3d0bd5c46a555e8be6620de84117d6c549b637ac,
06_external_validation/phase1_teacher_prf/frozen_prf/external_final_prf_predictions_v1.csv,COPIED_SOURCE_ASSET,PHASE1_EXTERNAL/02_external_validation/g3b_frozen_prf/external_final_prf_predictions_v1.csv,CANONICAL,Frozen PRF external baseline,1025515,774e90f17b71a69de5e40593d7b521655c78b06b4acc34af7e6d36ed43954efa,08b887239f161c31c8b2d3a0d584ac354ccd3a3ed56641c16962dea6bc155cc2,LOCAL_PATH_ROOT_SANITIZATION
06_external_validation/phase1_teacher_prf/frozen_prf/external_final_prf_predictions_v1.jsonl,COPIED_SOURCE_ASSET,PHASE1_EXTERNAL/02_external_validation/g3b_frozen_prf/external_final_prf_predictions_v1.jsonl,CANONICAL,Frozen PRF external baseline,2704582,8f098a2371ec86766d0329a71820b23ceb3efb051e51f6f1a56a4edbc8e8d0fa,f497ac962e225c43d3bfcb2271e01917ea347647ead3e16ef3658cfc659fc3db,LOCAL_PATH_ROOT_SANITIZATION
06_external_validation/phase1_teacher_prf/frozen_prf/g3b1_freeze_audit_v1.json,COPIED_SOURCE_ASSET,PHASE1_EXTERNAL/02_external_validation/g3b_frozen_prf/g3b1_freeze_audit_v1.json,CANONICAL,Frozen PRF external baseline,497,818c3b3db2bb195671edd83f16148f1b6e02b8ae3c768159a850004c2e3b4d39,818c3b3db2bb195671edd83f16148f1b6e02b8ae3c768159a850004c2e3b4d39,
06_external_validation/phase1_teacher_prf/frozen_prf/supporting/external_merge_summary_v1.json,COPIED_SOURCE_ASSET,PHASE1_EXTERNAL/02_external_validation/g3b_frozen_prf/external_merge_summary_v1.json,SUPPORTING,Frozen PRF external baseline,829,7c8a90faa36e9af4b24577413871a2acca987fa18d95443945877ed695562db7,7c8a90faa36e9af4b24577413871a2acca987fa18d95443945877ed695562db7,
06_external_validation/phase1_teacher_prf/frozen_prf/supporting/external_primary_eval_pairs_v1.csv,COPIED_SOURCE_ASSET,PHASE1_EXTERNAL/02_external_validation/g3b_frozen_prf/external_primary_eval_pairs_v1.csv,SUPPORTING,Frozen PRF external baseline,638774,b52d5561ed958021094ae726f8e66d638efc13a01c7d554aba81ea395ec3657e,91e4a7f6a2e4c18138d0e08ecc0ab7d0e8af8973ebf3289880c23e915fece626,LOCAL_PATH_ROOT_SANITIZATION
06_external_validation/phase1_teacher_prf/frozen_prf/supporting/external_teacher_summary_v1.json,COPIED_SOURCE_ASSET,PHASE1_EXTERNAL/02_external_validation/g3b_frozen_prf/external_teacher_summary_v1.json,SUPPORTING,Frozen PRF external baseline,358,8478df5f76fcd35cc59a78093de0ea2467d455e3a7fe11aac59e5509c9fa4cdd,8478df5f76fcd35cc59a78093de0ea2467d455e3a7fe11aac59e5509c9fa4cdd,
06_external_validation/phase2_student/canonical_9set/01_9set_contract_audit.csv,COPIED_SOURCE_ASSET,PHASE2_STUDENT_EXTERNAL/g4-s2b-f4_9set_canonical_master_final_lock/01_9set_contract_audit.csv,CANONICAL,Nine-domain canonical evaluation universe,795,3f7c0052b21c41bde474a73070783cf0ef4459ca14a3c7651d05214734ea7fd8,3f7c0052b21c41bde474a73070783cf0ef4459ca14a3c7651d05214734ea7fd8,
06_external_validation/phase2_student/canonical_9set/G4_S2B_F4_9SET_CANONICAL_MASTER_FINAL_LOCK.json,COPIED_SOURCE_ASSET,PHASE2_STUDENT_EXTERNAL/g4-s2b-f4_9set_canonical_master_final_lock/g4_s2b_f4_9set_canonical_master_final_lock.json,CANONICAL,Nine-domain canonical evaluation universe,5487,7de6150582d21fd58f2a6430fbacefb080c0abf86be141e67365331bbf3911a0,e2b625e7d6c777bab126518fd5a36ec25ebfc6a48715100b9f502b9d5875284c,LOCAL_PATH_ROOT_SANITIZATION
06_external_validation/phase2_student/canonical_9set/LIVE_CANONICAL_CONTRACT.jsonl,COPIED_SOURCE_ASSET,PHASE2_STUDENT_EXTERNAL/g4-s2b-f4_9set_canonical_master_final_lock/live_canonical_contract.jsonl,CANONICAL,Nine-domain canonical evaluation universe,924020,ea804eb3c68685ab7522298faa3f5a8238ffa421278dad099b5364063017e517,2ed0a6ffa712959eace35daf9fca278b441a3c7ba9195f6c09e181a818c20b68,LOCAL_PATH_ROOT_SANITIZATION
06_external_validation/phase2_student/canonical_9set/PIPAL_CANONICAL_CONTRACT.jsonl,COPIED_SOURCE_ASSET,PHASE2_STUDENT_EXTERNAL/g4-s2b-f4_9set_canonical_master_final_lock/pipal_canonical_contract.jsonl,CANONICAL,Nine-domain canonical evaluation universe,2046810,148fe5b1479ed5fdd0e62b841b315e43412ebe2e150e058e7edd3a9a5b255e48,99c5f3968239512e3861cae562d929c923a7b1c6d7fd06a0e95fbb39a2c90ab9,LOCAL_PATH_ROOT_SANITIZATION
06_external_validation/phase2_student/canonical_9set/PRF_EXTERNAL_9SET_CANONICAL_EVALUATION_CONTRACT_v1.jsonl,COPIED_SOURCE_ASSET,PHASE2_STUDENT_EXTERNAL/g4-s2b-f4_9set_canonical_master_final_lock/prf_external_9set_canonical_evaluation_contract_v1.jsonl,CANONICAL,Nine-domain canonical evaluation universe,13236260,ec27b23d30aac3e2e8dcbc3b950e476cd231e474061d03f6a60789a79b4ede55,942ebcc3c92a6c4ccd480a4573bf4240360e2a33d37fd180991734b78e54766f,LOCAL_PATH_ROOT_SANITIZATION
06_external_validation/phase2_student/code/43_run_pickapic_eval.py,COPIED_SOURCE_ASSET,PHASE2_STUDENT_EXTERNAL/g4-s1a2f_exact_inference_source/43_run_pickapic_eval.py,CANONICAL,PYTHON,2721,ebd9d56b11dae589424ae22581e628f6551f4ec1ead530ed0e59b309aeaac407,ebd9d56b11dae589424ae22581e628f6551f4ec1ead530ed0e59b309aeaac407,
06_external_validation/phase2_student/code/43_run_pickapic_eval_v2.py,COPIED_SOURCE_ASSET,PHASE2_STUDENT_EXTERNAL/g4-s1a2f_exact_inference_source/43_run_pickapic_eval_v2.py,CANONICAL,PYTHON,5656,94b2c1c721b6e1b483147141c74067d4da55772fe235f0a45e5c493381e08fcb,94b2c1c721b6e1b483147141c74067d4da55772fe235f0a45e5c493381e08fcb,
06_external_validation/phase2_student/code/45_run_pickapic_eval_strict_v1.py,COPIED_SOURCE_ASSET,PHASE2_STUDENT_EXTERNAL/g4-s1a2f_exact_inference_source/45_run_pickapic_eval_strict_v1.py,CANONICAL,PYTHON,5321,bf6db08b343640a6779ed830d5499e1e605fb0c91acb0a7770e0ab5d5b4319fe,bf6db08b343640a6779ed830d5499e1e605fb0c91acb0a7770e0ab5d5b4319fe,
06_external_validation/phase2_student/code/47_run_pickapic_prf_eval.py,COPIED_SOURCE_ASSET,PHASE2_STUDENT_EXTERNAL/g4-s1a2f_exact_inference_source/47_run_pickapic_prf_eval.py,CANONICAL,PYTHON,6011,55b535e9d0154812e0f2f1922ae19c0a2971e7321e39ea9741602e247d7b4681,55b535e9d0154812e0f2f1922ae19c0a2971e7321e39ea9741602e247d7b4681,
06_external_validation/phase2_student/code/smoke_audit/48_prompt_ablation_pickapic_smoke20.py,COPIED_SOURCE_ASSET,PHASE2_STUDENT_EXTERNAL/g4-s1a2f_exact_inference_source/48_prompt_ablation_pickapic_smoke20.py,SUPPORTING,PYTHON,6431,39fc644a721c2aade0dcdaf93b8638e2d9a20edb82b68e3ef23e65b04dc989db,39fc644a721c2aade0dcdaf93b8638e2d9a20edb82b68e3ef23e65b04dc989db,
06_external_validation/phase2_student/code/smoke_audit/49_prompt_ablation_pickapic_base8b_smoke20.py,COPIED_SOURCE_ASSET,PHASE2_STUDENT_EXTERNAL/g4-s1a2f_exact_inference_source/49_prompt_ablation_pickapic_base8b_smoke20.py,SUPPORTING,PYTHON,6330,62bd6f8e6b61cabe9009efd1dc94531fdc22d92ddf456ba171cb8d04572cfcdd,62bd6f8e6b61cabe9009efd1dc94531fdc22d92ddf456ba171cb8d04572cfcdd,
06_external_validation/phase2_student/final_freeze/01_PHASE2_CANONICAL_PUBLICATION_TABLE.csv,COPIED_SOURCE_ASSET,PHASE2_STUDENT_EXTERNAL/g4-s2h_phase2_student_external_generalization_final_freeze/01_phase2_canonical_publication_table.csv,CANONICAL,Student external generalization,4796,e75a4f5524bbbc64fe9f3261445d6caf742fa3c9b2ee69a5b6d23a7ce5a9faa9,e75a4f5524bbbc64fe9f3261445d6caf742fa3c9b2ee69a5b6d23a7ce5a9faa9,
06_external_validation/phase2_student/final_freeze/02_PHASE2_POLICY_TRANSFER_CANONICAL_TABLE.csv,COPIED_SOURCE_ASSET,PHASE2_STUDENT_EXTERNAL/g4-s2h_phase2_student_external_generalization_final_freeze/02_phase2_policy_transfer_canonical_table.csv,CANONICAL,Student external generalization,1370,344234dbb8beb6fe4fa4158e95854f62aff28141ba71f836ba9e7c82635c1864,344234dbb8beb6fe4fa4158e95854f62aff28141ba71f836ba9e7c82635c1864,
06_external_validation/phase2_student/final_freeze/04_PHASE2_FROZEN_ASSET_FINGERPRINTS.csv,COPIED_SOURCE_ASSET,PHASE2_STUDENT_EXTERNAL/g4-s2h_phase2_student_external_generalization_final_freeze/04_phase2_frozen_asset_fingerprints.csv,CANONICAL,Student external generalization,1987,5022f7beabe1f442eb544a72cc3b3516dfc8cf8dbdcd4f11b979342c655b56c7,5c6a6334e798b649e06a769109be4d48713b3e7b44ef99da97b4940e1a4697f8,LOCAL_PATH_ROOT_SANITIZATION
06_external_validation/phase2_student/final_freeze/05_PHASE2_CANONICAL_SUMMARY.md,COPIED_SOURCE_ASSET,PHASE2_STUDENT_EXTERNAL/g4-s2h_phase2_student_external_generalization_final_freeze/05_phase2_canonical_summary.md,CANONICAL,Student external generalization,3451,5116f229c37e40e8505908061e48028c64e7f523a06124c17507d27c4a21ca84,5116f229c37e40e8505908061e48028c64e7f523a06124c17507d27c4a21ca84,
06_external_validation/phase2_student/final_freeze/06_G4_S2H_PHASE2_FINAL_FREEZE.json,COPIED_SOURCE_ASSET,PHASE2_STUDENT_EXTERNAL/g4-s2h_phase2_student_external_generalization_final_freeze/06_g4_s2h_phase2_final_freeze.json,CANONICAL,Student external generalization,22385,83616f08dca40c1c375c3dd994d05b4d8d1dc744482cdd5b93de1a012c28606d,12d7c9b43f2abd7a823e455cd01c432a0985c51d190bff44810f2336f8331c25,LOCAL_PATH_ROOT_SANITIZATION
06_external_validation/phase2_student/final_freeze/supporting/03_PHASE2_COVERAGE_TEACHER_INTERVENTION_CASES.jsonl,COPIED_SOURCE_ASSET,PHASE2_STUDENT_EXTERNAL/g4-s2h_phase2_student_external_generalization_final_freeze/03_phase2_coverage_teacher_intervention_cases.jsonl,SUPPORTING,Student external generalization,550,43d47670d6a713c1a5988be96bafc1f7a9b53bf9f6fe000d085c49387f21d80a,43d47670d6a713c1a5988be96bafc1f7a9b53bf9f6fe000d085c49387f21d80a,
06_external_validation/phase2_student/predictions/01_FROZEN_BLINDED_INFERENCE_MANIFEST.jsonl,COPIED_SOURCE_ASSET,PHASE2_STUDENT_EXTERNAL/g4-s2e_full_13401_student_external_inference/01_frozen_blinded_inference_manifest.jsonl,CANONICAL,"Full 13,401-sample Student external inference",3880208,bbe91faa5c60a839d4873cc5a6a6507f5137cdfc7a1d751a06a34b08bd108511,3e3c0653deabb194d4d3c37a6a0b7b2f2918c1f5cb1dbd2a259d1b35a8947a42,LOCAL_PATH_ROOT_SANITIZATION
06_external_validation/phase2_student/predictions/06_STUDENT_EXTERNAL_PREDICTIONS_BLINDED_CANONICAL_v1.jsonl,COPIED_SOURCE_ASSET,PHASE2_STUDENT_EXTERNAL/g4-s2e_full_13401_student_external_inference/06_student_external_predictions_blinded_canonical_v1.jsonl,CANONICAL,"Full 13,401-sample Student external inference",15275986,9bde276d655a257b200dbb92661c63d12bdc65a3c6169a2af561cd08b53b153e,5d561580052f6fe10342730fd4a0314a7df4e6959daff6f011b3a2c1766d8ba5,LOCAL_PATH_ROOT_SANITIZATION
06_external_validation/phase2_student/predictions/07_G4_S2E_INFERENCE_FINAL_FREEZE.json,COPIED_SOURCE_ASSET,PHASE2_STUDENT_EXTERNAL/g4-s2e_full_13401_student_external_inference/07_g4_s2e_inference_final_freeze.json,CANONICAL,"Full 13,401-sample Student external inference",3839,180d37dd40fa1073d28b11cd3b26efcee99c15b1c74cc0f464a048eb0b525ce4,2307fd82705be8b20e9893e001a1a89c0faab14f0f8ef5fd1de429e5ef55761b,LOCAL_PATH_ROOT_SANITIZATION
06_external_validation/phase2_student/protocol/01_FROZEN_EXTERNAL_PROMPT.txt,COPIED_SOURCE_ASSET,PHASE2_STUDENT_EXTERNAL/g4-s2d-a_student_external_protocol_final_freeze/01_frozen_external_prompt.txt,CANONICAL,Student external inference protocol,712,567bf3b2caf85aedae9d768e89f5fa6aa5b2c5c8abbcc03f4ae2418634ba3a6c,567bf3b2caf85aedae9d768e89f5fa6aa5b2c5c8abbcc03f4ae2418634ba3a6c,
06_external_validation/phase2_student/protocol/01_contract_audit.csv,COPIED_SOURCE_ASSET,PHASE2_STUDENT_EXTERNAL/g4-s2b-f2_canonical_evaluation_contract/01_contract_audit.csv,SUPPORTING,External evaluation contract provenance,414,41a532364014bdf9e87c483f999facaaa66d09959de8d96bc0f3a1ef0e9e475e,41a532364014bdf9e87c483f999facaaa66d09959de8d96bc0f3a1ef0e9e475e,
06_external_validation/phase2_student/protocol/02_FROZEN_RENDERED_CHAT_TEMPLATE.txt,COPIED_SOURCE_ASSET,PHASE2_STUDENT_EXTERNAL/g4-s2d-a_student_external_protocol_final_freeze/02_frozen_rendered_chat_template.txt,CANONICAL,Student external inference protocol,851,e868bbe35ca45d610c918961cffa1167f302e0bf13f2d9ec65a2774211479eed,e868bbe35ca45d610c918961cffa1167f302e0bf13f2d9ec65a2774211479eed,
06_external_validation/phase2_student/protocol/CLWD_controlled_CANONICAL_CONTRACT.jsonl,COPIED_SOURCE_ASSET,PHASE2_STUDENT_EXTERNAL/g4-s2b-f2_canonical_evaluation_contract/clwd_controlled_canonical_contract.jsonl,SUPPORTING,External evaluation contract provenance,84554,4263e4a07f3f55e188393f75dc9b43709cd640b0d60260cfa9606541424d7059,e4e574a2af6e74af4750493eafffee9ecbb540c8ea5549db865b3a6f869c6c78,LOCAL_PATH_ROOT_SANITIZATION
06_external_validation/phase2_student/protocol/COVERAGE200_CANONICAL_CONTRACT.jsonl,COPIED_SOURCE_ASSET,PHASE2_STUDENT_EXTERNAL/g4-s2b-f2_canonical_evaluation_contract/coverage200_canonical_contract.jsonl,SUPPORTING,External evaluation contract provenance,193787,7c5023db23bb4373f425d72a29c919c9acfd4a66dbe170c8d0b59dc0ce9cc189,77ab79d401bc38052970bb62b34821c3936a02d55b0fa79f00c21a21ccfa1f2c,LOCAL_PATH_ROOT_SANITIZATION
06_external_validation/phase2_student/protocol/G4_S2B_F2_CANONICAL_EVALUATION_CONTRACT_FREEZE.json,COPIED_SOURCE_ASSET,PHASE2_STUDENT_EXTERNAL/g4-s2b-f2_canonical_evaluation_contract/g4_s2b_f2_canonical_evaluation_contract_freeze.json,SUPPORTING,External evaluation contract provenance,9178,ed78983fed0e5b13697e9096a625f7ee7322ccc7c6fe604fdb9f88444bdedc0f,542c6835112af35dbac0836797fd0c98945e553fb6ff9417bf05819471889bb0,LOCAL_PATH_ROOT_SANITIZATION
06_external_validation/phase2_student/protocol/G4_S2D_A_STUDENT_EXTERNAL_PROTOCOL_FINAL_FREEZE.json,COPIED_SOURCE_ASSET,PHASE2_STUDENT_EXTERNAL/g4-s2d-a_student_external_protocol_final_freeze/g4_s2d_a_student_external_protocol_final_freeze.json,CANONICAL,Student external inference protocol,5101,a3a806a67fd33285c3a754433c6c766a0e68f142ed55834ee7c1713178a9c554,2cb81a721ff25bb37946670da8e885b30b0706d2436a0b86908ce391274c05c6,LOCAL_PATH_ROOT_SANITIZATION
06_external_validation/phase2_student/protocol/IMD2020_CANONICAL_CONTRACT.jsonl,COPIED_SOURCE_ASSET,PHASE2_STUDENT_EXTERNAL/g4-s2b-f2_canonical_evaluation_contract/imd2020_canonical_contract.jsonl,SUPPORTING,External evaluation contract provenance,708573,c9ef146821e124de1a2f0a8030c015f80cd6a6a640affd5926cc68942b54df0d,bc025f001c0cc32a841d0b2b7baa46c8b87930819ff1b675601b01dc36d5061d,LOCAL_PATH_ROOT_SANITIZATION
06_external_validation/phase2_student/protocol/INRIA_Copydays_CANONICAL_CONTRACT.jsonl,COPIED_SOURCE_ASSET,PHASE2_STUDENT_EXTERNAL/g4-s2b-f2_canonical_evaluation_contract/inria_copydays_canonical_contract.jsonl,SUPPORTING,External evaluation contract provenance,2999931,16010f678138894357e19dc5e66d5f5e780b13101ef1885c1164e6f6de8681e7,d37e5a53081728fc1fc32da2e82f3743945425dff14c4dbbcd43cc16a75806fd,LOCAL_PATH_ROOT_SANITIZATION
06_external_validation/phase2_student/protocol/ISC2021_CANONICAL_CONTRACT.jsonl,COPIED_SOURCE_ASSET,PHASE2_STUDENT_EXTERNAL/g4-s2b-f2_canonical_evaluation_contract/isc2021_canonical_contract.jsonl,SUPPORTING,External evaluation contract provenance,179512,42ba4a0e1f7115f776f1e797f7e56d7964521e25b278db39e40647ae3b676749,e0f79d02d8efc768595addc55e17e1e657d3ceaa91925d1553dfa998d552dcc5,LOCAL_PATH_ROOT_SANITIZATION
06_external_validation/phase2_student/protocol/LVW_CANONICAL_CONTRACT.jsonl,COPIED_SOURCE_ASSET,PHASE2_STUDENT_EXTERNAL/g4-s2b-f2_canonical_evaluation_contract/lvw_canonical_contract.jsonl,SUPPORTING,External evaluation contract provenance,1781709,c87d1cebc15103efb01abe9d450e3b5fd37842a1225b14971cc3d653c5a80854,a4a9c697a506f41195c861d464dc68ef772e8d3d79e561463cbb590170c816f3,LOCAL_PATH_ROOT_SANITIZATION
06_external_validation/phase2_student/protocol/Waterloo_CANONICAL_CONTRACT.jsonl,COPIED_SOURCE_ASSET,PHASE2_STUDENT_EXTERNAL/g4-s2b-f2_canonical_evaluation_contract/waterloo_canonical_contract.jsonl,SUPPORTING,External evaluation contract provenance,3966647,0213c8c68d2b3e3f1e78ab40ad7209d9d0188e83e25e8c3896580a9bd92e7669,bf417ebd7207988f873aa6f711776e90d4674783d2f14aa1b38d8fe592448488,LOCAL_PATH_ROOT_SANITIZATION
06_external_validation/phase2_student/protocol/provenance/G4_S2B_R_CANONICAL_ASSET_RESOLUTION.json,COPIED_SOURCE_ASSET,PHASE2_STUDENT_EXTERNAL/g4-s2b-r_report_guided_asset_resolution/g4_s2b_r_canonical_asset_resolution.json,SUPPORTING,,100776,2c882703f610ecd07cfcf94170bda1c0289b06f806a4e067dc641e2f5b48af2b,da68fed9101612a12d3bd488abf5a65671b45d94c45da98a91f9318f5918d728,LOCAL_PATH_ROOT_SANITIZATION
06_external_validation/phase2_student/protocol/visual_memory_guard/01_full_image_guard_impact.csv,COPIED_SOURCE_ASSET,PHASE2_STUDENT_EXTERNAL/g4-s2d-c2_visual_memory_guard_final_freeze/01_full_image_guard_impact.csv,SUPPORTING,Student visual-memory guard,1321914,f96b3f626585cf8c89d273eb22abb6385886a72ec525af347d31580d65d44bef,16465edb75d977c0191fb908f0fdd11dc77906b0420ced0be6654a084ce995fb,LOCAL_PATH_ROOT_SANITIZATION
06_external_validation/phase2_student/protocol/visual_memory_guard/G4_S2D_C2_VISUAL_MEMORY_GUARD_FINAL_FREEZE.json,COPIED_SOURCE_ASSET,PHASE2_STUDENT_EXTERNAL/g4-s2d-c2_visual_memory_guard_final_freeze/g4_s2d_c2_visual_memory_guard_final_freeze.json,SUPPORTING,Student visual-memory guard,15180,3769aa30b2b5086bd7fbea5c415549c293f3d24afd85be8e7410a1c63933a3fe,3e8e310cc623a7fd7c86265d2bf2565390b7071520cd96121a9d285e61eebc97,LOCAL_PATH_ROOT_SANITIZATION
06_external_validation/phase2_student/statistics/01_student_external_metrics_with_95CI.csv,COPIED_SOURCE_ASSET,PHASE2_STUDENT_EXTERNAL/g4-s2g-b_final_statistical_boundary_confirmation/01_student_external_metrics_with_95ci.csv,CANONICAL,Student boundary statistical confirmation,3526,ebf791092f7d782d71157e5e9f20021a525b88c4fd44720e20f5f6f1cedf98d3,ebf791092f7d782d71157e5e9f20021a525b88c4fd44720e20f5f6f1cedf98d3,
06_external_validation/phase2_student/statistics/01_student_to_gold_per_setting.csv,COPIED_SOURCE_ASSET,PHASE2_STUDENT_EXTERNAL/g4-s2f-a_student_core_statistical_evaluation/01_student_to_gold_per_setting.csv,CANONICAL,Student-vs-PRF statistical evaluation,1819,38a78445816faec07535cf59d2f8e8b6d74b5e0b42c826690975101fbc04674c,38a78445816faec07535cf59d2f8e8b6d74b5e0b42c826690975101fbc04674c,
06_external_validation/phase2_student/statistics/02_routed_boundary_association.csv,COPIED_SOURCE_ASSET,PHASE2_STUDENT_EXTERNAL/g4-s2g-b_final_statistical_boundary_confirmation/02_routed_boundary_association.csv,CANONICAL,Student boundary statistical confirmation,1626,f57226f8710d7fd8bf2c7c3b9bbf514aa986b7830be47113ba909f0214d16075,f57226f8710d7fd8bf2c7c3b9bbf514aa986b7830be47113ba909f0214d16075,
06_external_validation/phase2_student/statistics/02_student_to_prf_fidelity_per_setting.csv,COPIED_SOURCE_ASSET,PHASE2_STUDENT_EXTERNAL/g4-s2f-a_student_core_statistical_evaluation/02_student_to_prf_fidelity_per_setting.csv,CANONICAL,Student-vs-PRF statistical evaluation,2697,58110e4428ab1ff8e51d845d29c8e8545f9f69a85b2d576d7b2422484e106696,58110e4428ab1ff8e51d845d29c8e8545f9f69a85b2d576d7b2422484e106696,
06_external_validation/phase2_student/statistics/03_G4_S2G_B_FINAL_STATISTICAL_BOUNDARY_FREEZE.json,COPIED_SOURCE_ASSET,PHASE2_STUDENT_EXTERNAL/g4-s2g-b_final_statistical_boundary_confirmation/03_g4_s2g_b_final_statistical_boundary_freeze.json,CANONICAL,Student boundary statistical confirmation,18307,c70cfedfee1017fe99791fd152f41dcc8fc3ef657ce3f59423ee1027fb15ba15,c70cfedfee1017fe99791fd152f41dcc8fc3ef657ce3f59423ee1027fb15ba15,
06_external_validation/phase2_student/statistics/03_student_vs_prf_mcnemar_per_setting.csv,COPIED_SOURCE_ASSET,PHASE2_STUDENT_EXTERNAL/g4-s2f-a_student_core_statistical_evaluation/03_student_vs_prf_mcnemar_per_setting.csv,CANONICAL,Student-vs-PRF statistical evaluation,994,6c2b121561bfad40ba3a6203b4432ea6b925f7f550aabd5b28809b8326b2893a,6c2b121561bfad40ba3a6203b4432ea6b925f7f550aabd5b28809b8326b2893a,
06_external_validation/phase2_student/statistics/04_gold_vs_student_confusion_long.csv,COPIED_SOURCE_ASSET,PHASE2_STUDENT_EXTERNAL/g4-s2f-a_student_core_statistical_evaluation/04_gold_vs_student_confusion_long.csv,CANONICAL,Student-vs-PRF statistical evaluation,1974,53473615210ecbc65a857ccebeea5203246e95d92094dc813bf284ab79ebed84,53473615210ecbc65a857ccebeea5203246e95d92094dc813bf284ab79ebed84,
06_external_validation/phase2_student/statistics/05_prf_vs_student_confusion_long.csv,COPIED_SOURCE_ASSET,PHASE2_STUDENT_EXTERNAL/g4-s2f-a_student_core_statistical_evaluation/05_prf_vs_student_confusion_long.csv,CANONICAL,Student-vs-PRF statistical evaluation,3032,bea92ddb01cfcc57d224d8e069441fe86124498a88754f20097bb6bdbfdebbdc,bea92ddb01cfcc57d224d8e069441fe86124498a88754f20097bb6bdbfdebbdc,
06_external_validation/phase2_student/statistics/06_STUDENT_EXTERNAL_EVALUATION_JOINED_v1.jsonl,COPIED_SOURCE_ASSET,PHASE2_STUDENT_EXTERNAL/g4-s2f-a_student_core_statistical_evaluation/06_student_external_evaluation_joined_v1.jsonl,CANONICAL,Student-vs-PRF statistical evaluation,3072072,98be03505575b5cfdc995a16a6bf511ffedc61a1635837bf9d3d412e811c73d3,98be03505575b5cfdc995a16a6bf511ffedc61a1635837bf9d3d412e811c73d3,
06_external_validation/phase2_student/statistics/07_G4_S2F_A_CORE_STATISTICAL_EVALUATION_FREEZE.json,COPIED_SOURCE_ASSET,PHASE2_STUDENT_EXTERNAL/g4-s2f-a_student_core_statistical_evaluation/07_g4_s2f_a_core_statistical_evaluation_freeze.json,CANONICAL,Student-vs-PRF statistical evaluation,24475,5c81302f8d65bf56ddfa3e40686b161c5b90d7fe6362a4e4038afea84be09476,b731f4a5264a2bcc5463e2db548a3bdd156a2e14976f0a1f009a057b73daf8f3,LOCAL_PATH_ROOT_SANITIZATION
07_boundary_repair/confirmatory/P3_E7_TEST2000_FINAL_SUMMARY.csv,COPIED_SOURCE_ASSET,PHASE3_BOUNDARY_REPAIR/p3-e7_test2000_confirmatory/p3_e7_test2000_final_summary.csv,SUPPORTING,Boundary repair confirmatory evaluation,527,e441df8f54347dc235fb32d0d3c87a7e5ff3ee2f32df55261ff40901ba5e9f87,e441df8f54347dc235fb32d0d3c87a7e5ff3ee2f32df55261ff40901ba5e9f87,
07_boundary_repair/confirmatory/P3_E7_TEST2000_FINAL_SUMMARY.json,COPIED_SOURCE_ASSET,PHASE3_BOUNDARY_REPAIR/p3-e7_test2000_confirmatory/p3_e7_test2000_final_summary.json,SUPPORTING,Boundary repair confirmatory evaluation,4187,3ae56fe3de69828b1d0c25e05ad36c2cef58b2fa777fc0ee9a4aac388e05287d,c0a8846f5d53dc0fed8fd1984d7a94176a2b06d919e901b45d631e703c5017ea,LOCAL_PATH_ROOT_SANITIZATION
07_boundary_repair/confirmatory/P3_E8_EXTERNAL12921_FINAL_FREEZE.json,COPIED_SOURCE_ASSET,PHASE3_BOUNDARY_REPAIR/p3-e8_external12921_confirmatory/p3_e8_external12921_final_freeze.json,SUPPORTING,Boundary repair confirmatory evaluation,895,6162dfbb4decd9a7ac12621c0fbd59e23a3aa3eac00d7e4e1d1b817ed61966de,6162dfbb4decd9a7ac12621c0fbd59e23a3aa3eac00d7e4e1d1b817ed61966de,
07_boundary_repair/final_adapter/adapter_config.json,COPIED_SOURCE_ASSET,PHASE3_BOUNDARY_REPAIR/p3-e2_formal2000_prior_restored/final_adapter/adapter_config.json,CANONICAL,boundary_repaired_student,1089,1e74809fb08255dbcce0b5500d448ef6c233a7d00017228eb57fd3f5d281a398,0a05c560cbd6d40bf0ccc2f1f070b50da3e759504406fe27fc4e115c8d0e5c79,LOCAL_PATH_ROOT_SANITIZATION
07_boundary_repair/final_adapter/adapter_model.safetensors,COPIED_SOURCE_ASSET,PHASE3_BOUNDARY_REPAIR/p3-e2_formal2000_prior_restored/final_adapter/adapter_model.safetensors,CANONICAL,boundary_repaired_student,30713512,e9910d503b12af2403e998f5711fff8328ab7c11de32ed0a4ab35a9668adb971,e9910d503b12af2403e998f5711fff8328ab7c11de32ed0a4ab35a9668adb971,
07_boundary_repair/final_freeze/P3_E9_PHASE3_CANONICAL_ASSET_MANIFEST.json,COPIED_SOURCE_ASSET,PHASE3_BOUNDARY_REPAIR/p3-e9_phase3_canonical_final_freeze/p3_e9_phase3_canonical_asset_manifest.json,CANONICAL,Boundary-repaired Student final results,30326,5d1360f31f6603e0122be94e793baa0da1d58f1f2346fc82290612474f6ab8b5,78d7d00f31a26f5e58d9313c0e3a2d97d371a04cf7685b7ae6a45bd09c3483bb,LOCAL_PATH_ROOT_SANITIZATION
07_boundary_repair/final_freeze/P3_E9_PHASE3_CANONICAL_RESULTS.json,COPIED_SOURCE_ASSET,PHASE3_BOUNDARY_REPAIR/p3-e9_phase3_canonical_final_freeze/p3_e9_phase3_canonical_results.json,CANONICAL,Boundary-repaired Student final results,4214,bbdb0515e41e92da8e796afba28307a5e93a68af8d286f828c8fd5db95829ad3,bbdb0515e41e92da8e796afba28307a5e93a68af8d286f828c8fd5db95829ad3,
07_boundary_repair/final_freeze/P3_E9_PHASE3_FINAL_FREEZE.json,COPIED_SOURCE_ASSET,PHASE3_BOUNDARY_REPAIR/p3-e9_phase3_canonical_final_freeze/p3_e9_phase3_final_freeze.json,CANONICAL,Boundary-repaired Student final results,1481,872ffd0b219cc29c3677cebb652f8ed2f11d8d52a17f168dd765c42e5ed00370,872ffd0b219cc29c3677cebb652f8ed2f11d8d52a17f168dd765c42e5ed00370,
07_boundary_repair/model_selection/P3_E5_FROZEN_SELECTION_RESULT.json,COPIED_SOURCE_ASSET,PHASE3_BOUNDARY_REPAIR/p3-e5_val1000_step_selection/p3_e5_frozen_selection_result.json,SUPPORTING,Boundary repair checkpoint selection,1687,811b261a3277aba28c1135c41deda323ff9b1697c4701e5658f278529676635c,811b261a3277aba28c1135c41deda323ff9b1697c4701e5658f278529676635c,
07_boundary_repair/training/P3_E2_FORMAL2000_CANONICAL_LOG.jsonl,COPIED_SOURCE_ASSET,PHASE3_BOUNDARY_REPAIR/p3-e2_formal2000_prior_restored/p3_e2_formal2000_canonical_log.jsonl,SUPPORTING,Boundary repair training trace,590252,4c831cddc02fd05044a1c0512367fd31fbce3f032ec20222d6074ce04217d34a,4c831cddc02fd05044a1c0512367fd31fbce3f032ec20222d6074ce04217d34a,
07_boundary_repair/training_audit/P3_B_R1_summary.json,COPIED_SOURCE_ASSET,PHASE3_BOUNDARY_REPAIR/p3-b-r1_canonical_training_asset_audit/p3_b_r1_summary.json,SUPPORTING,Boundary repair training provenance,1275,bb63f7991188f404f2d8e3b6bcc7399c42c18322e2e75ac4684b0088d8d343bb,309b4fdda48004132de0629e10fe62d620aadbd76222c075848d22acaffc56d6,LOCAL_PATH_ROOT_SANITIZATION
07_boundary_repair/training_audit/P3_B_R1_text_loss_hits.json,COPIED_SOURCE_ASSET,PHASE3_BOUNDARY_REPAIR/p3-b-r1_canonical_training_asset_audit/p3_b_r1_text_loss_hits.json,SUPPORTING,Boundary repair training provenance,934,84dbe9a4664febe2e719b20f738fea56b1a9a99d7d2d9dab0e6fd83d827b4142,7fd7cc319383a13770347a10e34c5793e8898f877616e1c21d8c791e60fc98f4,LOCAL_PATH_ROOT_SANITIZATION
07_boundary_repair/training_audit/P3_B_R1_trainer_state_details.json,COPIED_SOURCE_ASSET,PHASE3_BOUNDARY_REPAIR/p3-b-r1_canonical_training_asset_audit/p3_b_r1_trainer_state_details.json,SUPPORTING,Boundary repair training provenance,2,4f53cda18c2baa0c0354bb5f9a3ecbe5ed12ab4d8e11ba873c2f11161202b945,4f53cda18c2baa0c0354bb5f9a3ecbe5ed12ab4d8e11ba873c2f11161202b945,
07_boundary_repair/training_audit/P3_B_R1_training_asset_inventory.csv,COPIED_SOURCE_ASSET,PHASE3_BOUNDARY_REPAIR/p3-b-r1_canonical_training_asset_audit/p3_b_r1_training_asset_inventory.csv,SUPPORTING,Boundary repair training provenance,14905,c7b7f153644c6b86c8d748f2bec8041782ca2aceab7f8b5f26e04413c8bc4710,962b1cd928dc8af4898e0d03b63152c4e1ea374154fe42405b5ad6db64405df6,LOCAL_PATH_ROOT_SANITIZATION
07_boundary_repair/training_audit/P3_B_R1_training_asset_inventory.json,COPIED_SOURCE_ASSET,PHASE3_BOUNDARY_REPAIR/p3-b-r1_canonical_training_asset_audit/p3_b_r1_training_asset_inventory.json,SUPPORTING,Boundary repair training provenance,30160,950a200a62f881dd1c1da8314ddbe71ae43a5c75378e9ee2be57c12c89a361c1,5b27c5971ca63f5fe2a59b60f04ec5b362f333a6c8ec4329f652a7e6248d7aa1,LOCAL_PATH_ROOT_SANITIZATION
08_revision_experiments/A_adaptive_comparator/03_P4_A2R1_CANONICAL_VS_ADAPTIVE_PER_SETTING.csv,COPIED_SOURCE_ASSET,PHASE4_REVISION/p4-a2r1_label_free_adaptive_comparator/03_p4_a2r1_canonical_vs_adaptive_per_setting.csv,CANONICAL,Label-free adaptive A comparator,3141,243c82760ec2d9afd0a53a6541968d16051b805faf776596a0af22747d0894e8,243c82760ec2d9afd0a53a6541968d16051b805faf776596a0af22747d0894e8,
08_revision_experiments/A_adaptive_comparator/04_P4_A2R1_FINAL_SUMMARY.json,COPIED_SOURCE_ASSET,PHASE4_REVISION/p4-a2r1_label_free_adaptive_comparator/04_p4_a2r1_final_summary.json,CANONICAL,Label-free adaptive A comparator,12255,90c450dab946891387ce14303986aed58abb391639f778551dc62de4c7d3d9b2,90c450dab946891387ce14303986aed58abb391639f778551dc62de4c7d3d9b2,
08_revision_experiments/A_adaptive_comparator/05_P4_A2R1_FINAL_FREEZE.json,COPIED_SOURCE_ASSET,PHASE4_REVISION/p4-a2r1_label_free_adaptive_comparator/05_p4_a2r1_final_freeze.json,CANONICAL,Label-free adaptive A comparator,910,765119b830a691d475c0deb7d443cec51e90f02b8a3a9d819db0c7e71accddde,765119b830a691d475c0deb7d443cec51e90f02b8a3a9d819db0c7e71accddde,
08_revision_experiments/A_threshold_sensitivity/01_P4_A1R1_SOURCE_IDENTITY_AUDIT.csv,COPIED_SOURCE_ASSET,PHASE4_REVISION/p4-a1r1_definitive_9set_a_threshold_sensitivity/01_p4_a1r1_source_identity_audit.csv,CANONICAL,A-module threshold sensitivity,2686,b706661d01d972dd843e176eabd32510b12b1b3f0cd18b9c34152cfc0dd99268,d6b43f93d45d9af9db56237a708ca88441ba7fc7329a48f664ee4e15ff5a5aa1,LOCAL_PATH_ROOT_SANITIZATION
08_revision_experiments/A_threshold_sensitivity/07_P4_A1R1_FINAL_AUDIT.json,COPIED_SOURCE_ASSET,PHASE4_REVISION/p4-a1r1_definitive_9set_a_threshold_sensitivity/07_p4_a1r1_final_audit.json,CANONICAL,A-module threshold sensitivity,11879,42e67d88ccb12da89349095c0cce697583c7ba5c0a978be1881cce418c726301,20a16f9ea5e97d9b4d619a61cad1d5905fa1a7ac59f18a67a5fd69bbb2f5abc3,LOCAL_PATH_ROOT_SANITIZATION
08_revision_experiments/A_threshold_sensitivity/08_P4_A1R1_FINAL_FREEZE.json,COPIED_SOURCE_ASSET,PHASE4_REVISION/p4-a1r1_definitive_9set_a_threshold_sensitivity/08_p4_a1r1_final_freeze.json,CANONICAL,A-module threshold sensitivity,1108,764fc2fc4d31a0541229cd6f22ddc7efd9e978b0f87f7aac9315a283ebf6b916,764fc2fc4d31a0541229cd6f22ddc7efd9e978b0f87f7aac9315a283ebf6b916,
08_revision_experiments/A_threshold_sensitivity/P4_A1R1_9SET_CANONICAL_A_SIMILARITY_MASTER.jsonl,COPIED_SOURCE_ASSET,PHASE4_REVISION/p4-a1r1_definitive_9set_a_threshold_sensitivity/p4_a1r1_9set_canonical_a_similarity_master.jsonl,CANONICAL,A-module threshold sensitivity,6709363,22726316e9e1291ce24029f3542f26dbd7f1253191bf88806a514299c14797a0,b9934c75a54e30173b323090d7deed50885371aac10866a7a740919d3d24bdbf,LOCAL_PATH_ROOT_SANITIZATION
08_revision_experiments/C_gate_sensitivity/01_P4_C1_C_SOURCE_AUDIT.csv,COPIED_SOURCE_ASSET,PHASE4_REVISION/p4-c1_c_delta_threshold_sensitivity/01_p4_c1_c_source_audit.csv,CANONICAL,C-module strong-evidence threshold sensitivity,2164,5a6391073615ab3c618efec0c3ac6e0d275b136ad5dae76796836ae8ae7801ad,4a5dc94aa75b3f389e6ae43a3e97e9c9312d36f0184d68021148a1af641389ea,LOCAL_PATH_ROOT_SANITIZATION
08_revision_experiments/C_gate_sensitivity/02_P4_C1_CANONICAL_C_MASTER_13401.jsonl,COPIED_SOURCE_ASSET,PHASE4_REVISION/p4-c1_c_delta_threshold_sensitivity/02_p4_c1_canonical_c_master_13401.jsonl,CANONICAL,C-module strong-evidence threshold sensitivity,3225446,6ecf3fc27b2aa322ed6ed52b6bb339127df014fd16d5efdeba43b0ad067febd5,6ecf3fc27b2aa322ed6ed52b6bb339127df014fd16d5efdeba43b0ad067febd5,
08_revision_experiments/C_gate_sensitivity/06_P4_C1_FINAL_SUMMARY.json,COPIED_SOURCE_ASSET,PHASE4_REVISION/p4-c1_c_delta_threshold_sensitivity/06_p4_c1_final_summary.json,CANONICAL,C-module strong-evidence threshold sensitivity,5370,1837a625dbea30fb597fe3f04d0e82a4260397e0ae62f771e7cc549908cf6749,1837a625dbea30fb597fe3f04d0e82a4260397e0ae62f771e7cc549908cf6749,
08_revision_experiments/C_gate_sensitivity/07_P4_C1_FINAL_FREEZE.json,COPIED_SOURCE_ASSET,PHASE4_REVISION/p4-c1_c_delta_threshold_sensitivity/07_p4_c1_final_freeze.json,CANONICAL,C-module strong-evidence threshold sensitivity,947,a76fb39a81256968e972213f105a6edad70e00613b9d2418eb0d67d0589aac8c,a76fb39a81256968e972213f105a6edad70e00613b9d2418eb0d67d0589aac8c,
08_revision_experiments/computational_efficiency/01_P4_E2_STAGE_COST_TABLE.csv,COPIED_SOURCE_ASSET,PHASE4_REVISION/p4-e2_final_efficiency_consolidation/01_p4_e2_stage_cost_table.csv,CANONICAL,Computational efficiency,1084,f5c3a7e79f4145420bb85829495d64d2a79829166b0a891aae528e48910a660a,f5c3a7e79f4145420bb85829495d64d2a79829166b0a891aae528e48910a660a,
08_revision_experiments/computational_efficiency/02_P4_E2_EXPECTED_COST_DECOMPOSITION.csv,COPIED_SOURCE_ASSET,PHASE4_REVISION/p4-e2_final_efficiency_consolidation/02_p4_e2_expected_cost_decomposition.csv,CANONICAL,Computational efficiency,352,7a8fd8bf2cc6cd00dea05f8610b8e89c8e1d453ffa7930a096e3a6bb19364c45,7a8fd8bf2cc6cd00dea05f8610b8e89c8e1d453ffa7930a096e3a6bb19364c45,
08_revision_experiments/computational_efficiency/03_P4_E2_A_NUMERICAL_BOUNDARY_AUDIT.json,COPIED_SOURCE_ASSET,PHASE4_REVISION/p4-e2_final_efficiency_consolidation/03_p4_e2_a_numerical_boundary_audit.json,CANONICAL,Computational efficiency,486,06a01caf1afcafa685459794c7287a0802c4e3ea9f753964cb855827abed4012,06a01caf1afcafa685459794c7287a0802c4e3ea9f753964cb855827abed4012,
08_revision_experiments/computational_efficiency/04_P4_E2_FINAL_EFFICIENCY_SUMMARY.json,COPIED_SOURCE_ASSET,PHASE4_REVISION/p4-e2_final_efficiency_consolidation/04_p4_e2_final_efficiency_summary.json,CANONICAL,Computational efficiency,3454,62e51ce8f667aaad8dbbcc84ad3d0cadd4d514b5cb6e2e84dddb76c905281c9a,62e51ce8f667aaad8dbbcc84ad3d0cadd4d514b5cb6e2e84dddb76c905281c9a,
08_revision_experiments/computational_efficiency/05_P4_E2_FINAL_FREEZE.json,COPIED_SOURCE_ASSET,PHASE4_REVISION/p4-e2_final_efficiency_consolidation/05_p4_e2_final_freeze.json,CANONICAL,Computational efficiency,846,acb151fa23f8ce011582455705cb7a73f09b1f01f534dffd2dd73f7b01a533f8,acb151fa23f8ce011582455705cb7a73f09b1f01f534dffd2dd73f7b01a533f8,
08_revision_experiments/computational_efficiency/component_latency/03_P4_E1A_FINAL_SUMMARY.json,COPIED_SOURCE_ASSET,PHASE4_REVISION/p4-e1a_clip_latency/03_p4_e1a_final_summary.json,SUPPORTING,Computational efficiency,2065,b4a5bec18d3ccac8ae8e7bece4393f1344a3b59a34875c1e7a1dc9529b896f29,b4a5bec18d3ccac8ae8e7bece4393f1344a3b59a34875c1e7a1dc9529b896f29,
08_revision_experiments/computational_efficiency/component_latency/03_P4_E1D_R1_LATENCY_SUMMARY.csv,COPIED_SOURCE_ASSET,PHASE4_REVISION/p4-e1d_30b_teacher_latency_r1/03_p4_e1d_r1_latency_summary.csv,SUPPORTING,Computational efficiency,346,2a58cd93ecb59a00bbe4ec942e253c5c3854404a9f912c0f80bb50447ec1e486,2a58cd93ecb59a00bbe4ec942e253c5c3854404a9f912c0f80bb50447ec1e486,
08_revision_experiments/computational_efficiency/component_latency/04_P4_E1A_LATENCY_SUMMARY.csv,COPIED_SOURCE_ASSET,PHASE4_REVISION/p4-e1a_clip_latency/04_p4_e1a_latency_summary.csv,SUPPORTING,Computational efficiency,277,e8ab20fa77adc5982b87b76e1b2255ce1115e70f7880dc5969b8bf4033f0a0f7,e8ab20fa77adc5982b87b76e1b2255ce1115e70f7880dc5969b8bf4033f0a0f7,
08_revision_experiments/computational_efficiency/component_latency/04_P4_E1D_R1_FINAL_SUMMARY.json,COPIED_SOURCE_ASSET,PHASE4_REVISION/p4-e1d_30b_teacher_latency_r1/04_p4_e1d_r1_final_summary.json,SUPPORTING,Computational efficiency,4645,84f844cb1ad7d78c9d4ac9787a6c28e5e0617d2062d777e342856e829da2a8e1,84f844cb1ad7d78c9d4ac9787a6c28e5e0617d2062d777e342856e829da2a8e1,
08_revision_experiments/computational_efficiency/component_latency/05_P4_E1A_FINAL_FREEZE.json,COPIED_SOURCE_ASSET,PHASE4_REVISION/p4-e1a_clip_latency/05_p4_e1a_final_freeze.json,SUPPORTING,Computational efficiency,562,f1dee122bbb652bb68017611ff5d132c2c246202c5cd6f4258c40df62b9af5f0,f1dee122bbb652bb68017611ff5d132c2c246202c5cd6f4258c40df62b9af5f0,
08_revision_experiments/computational_efficiency/component_latency/05_P4_E1BC_LATENCY_SUMMARY.csv,COPIED_SOURCE_ASSET,PHASE4_REVISION/p4-e1bc_8b_bc_latency/05_p4_e1bc_latency_summary.csv,SUPPORTING,Computational efficiency,504,fc8d51dd7a6266c73d775a900a8dc11321481ca95f9833709bbe25fae94e7a9b,fc8d51dd7a6266c73d775a900a8dc11321481ca95f9833709bbe25fae94e7a9b,
08_revision_experiments/computational_efficiency/component_latency/05_P4_E1D_R1_FINAL_FREEZE.json,COPIED_SOURCE_ASSET,PHASE4_REVISION/p4-e1d_30b_teacher_latency_r1/05_p4_e1d_r1_final_freeze.json,SUPPORTING,Computational efficiency,631,f363e072e0a15966885543bf4affcf2d48cc10d8956ec66050bbd619ac55c591,f363e072e0a15966885543bf4affcf2d48cc10d8956ec66050bbd619ac55c591,
08_revision_experiments/computational_efficiency/component_latency/06_P4_E1BC_FINAL_SUMMARY.json,COPIED_SOURCE_ASSET,PHASE4_REVISION/p4-e1bc_8b_bc_latency/06_p4_e1bc_final_summary.json,SUPPORTING,Computational efficiency,5849,2f66f2cd0532c5e330a5087d3e140c1a4ee42bd9ca5c54d8841c826a912b6477,2f66f2cd0532c5e330a5087d3e140c1a4ee42bd9ca5c54d8841c826a912b6477,
08_revision_experiments/computational_efficiency/component_latency/07_P4_E1BC_FINAL_FREEZE.json,COPIED_SOURCE_ASSET,PHASE4_REVISION/p4-e1bc_8b_bc_latency/07_p4_e1bc_final_freeze.json,SUPPORTING,Computational efficiency,530,8cc612a52b7e61f303dcd6e918982bc6362f8e17edb4d2f2495aaa4d662601c0,8cc612a52b7e61f303dcd6e918982bc6362f8e17edb4d2f2495aaa4d662601c0,
08_revision_experiments/topk_sensitivity/06_P4_B1R1_FINAL_SUMMARY.json,COPIED_SOURCE_ASSET,PHASE4_REVISION/p4-b1r1_exact_historical_ranking/06_p4_b1r1_final_summary.json,CANONICAL,Candidate-ranking/top-k sensitivity,1109,5b0b03fd4349314bf1dc68e3de54c2b95e2429398e5bf94365f908fe3b8ab287,5b0b03fd4349314bf1dc68e3de54c2b95e2429398e5bf94365f908fe3b8ab287,
08_revision_experiments/topk_sensitivity/07_P4_B1R1_FINAL_FREEZE.json,COPIED_SOURCE_ASSET,PHASE4_REVISION/p4-b1r1_exact_historical_ranking/07_p4_b1r1_final_freeze.json,CANONICAL,Candidate-ranking/top-k sensitivity,905,73420d60827688a48feffc566791616a80b06977977f946b4e8337ca1286463b,73420d60827688a48feffc566791616a80b06977977f946b4e8337ca1286463b,
08_revision_experiments/topk_sensitivity/provenance/P4_B0_CANDIDATE_GENERATION_ASSET_FREEZE.json,COPIED_SOURCE_ASSET,PHASE4_REVISION/p4-b0_candidate_generation_asset_audit/p4_b0_candidate_generation_asset_freeze.json,SUPPORTING,Candidate-generation provenance,554,c115eba61e1f6222376658fc7352aa653630690cd2c188d63fe38b95675df135,c115eba61e1f6222376658fc7352aa653630690cd2c188d63fe38b95675df135,
08_revision_experiments/weighted_fusion/01_P4_D1_DEV480_WEIGHT_FREEZE.json,COPIED_SOURCE_ASSET,PHASE4_REVISION/p4-d1_reliability_weighted_fusion/01_p4_d1_dev480_weight_freeze.json,CANONICAL,Reliability-weighted fusion,1312,cbe334a968a5e6055f228982f7b2424c0f1004e220609a518e994807f2902994,cbe334a968a5e6055f228982f7b2424c0f1004e220609a518e994807f2902994,
08_revision_experiments/weighted_fusion/02_P4_D1_DEV480_RESULTS.csv,COPIED_SOURCE_ASSET,PHASE4_REVISION/p4-d1_reliability_weighted_fusion/02_p4_d1_dev480_results.csv,CANONICAL,Reliability-weighted fusion,438,901382dc0f979f981043874afdee1ad879519765441113c3d5235545dec1a2ef,901382dc0f979f981043874afdee1ad879519765441113c3d5235545dec1a2ef,
08_revision_experiments/weighted_fusion/03_P4_D1_EXTERNAL12921_RESULTS.csv,COPIED_SOURCE_ASSET,PHASE4_REVISION/p4-d1_reliability_weighted_fusion/03_p4_d1_external12921_results.csv,CANONICAL,Reliability-weighted fusion,573,fddb3a3483aa90802f2e6af877e0e23c94d4e8ce21cd0287ca71c1c0f25509b6,fddb3a3483aa90802f2e6af877e0e23c94d4e8ce21cd0287ca71c1c0f25509b6,
08_revision_experiments/weighted_fusion/06_P4_D1_B_CONFIDENCE_DEV_CALIBRATION_AUDIT.csv,COPIED_SOURCE_ASSET,PHASE4_REVISION/p4-d1_reliability_weighted_fusion/06_p4_d1_b_confidence_dev_calibration_audit.csv,CANONICAL,Reliability-weighted fusion,125,f9bc7bf8f5c57313ef3ff5622446610da38d61a8c4c0226e2d3a2550389a4dfe,f9bc7bf8f5c57313ef3ff5622446610da38d61a8c4c0226e2d3a2550389a4dfe,
08_revision_experiments/weighted_fusion/08_P4_D1_FINAL_SUMMARY.json,COPIED_SOURCE_ASSET,PHASE4_REVISION/p4-d1_reliability_weighted_fusion/08_p4_d1_final_summary.json,CANONICAL,Reliability-weighted fusion,4779,b66cd58a9b8939524dbfbb79049e2534f9171cab20e3f3ecc02a1f6b7a1977df,b66cd58a9b8939524dbfbb79049e2534f9171cab20e3f3ecc02a1f6b7a1977df,
08_revision_experiments/weighted_fusion/09_P4_D1_FINAL_FREEZE.json,COPIED_SOURCE_ASSET,PHASE4_REVISION/p4-d1_reliability_weighted_fusion/09_p4_d1_final_freeze.json,CANONICAL,Reliability-weighted fusion,1245,5b533b86ac282d180bc22058867ee79592b7ba59488ce3eb3c143953d740f6a5,5b533b86ac282d180bc22058867ee79592b7ba59488ce3eb3c143953d740f6a5,
08_revision_experiments/weighted_fusion/B_confidence/02_P4_D0_B_CONFIDENCE_MASTER_13401.jsonl,COPIED_SOURCE_ASSET,PHASE4_REVISION/p4-d0_b_confidence_asset_audit/02_p4_d0_b_confidence_master_13401.jsonl,SUPPORTING,B confidence calibration input,3438386,d5c427a65e257d7f231b8b065d9feb4309168262cfedd86db266d204956fecab,d5c427a65e257d7f231b8b065d9feb4309168262cfedd86db266d204956fecab,
08_revision_experiments/weighted_fusion/B_confidence/03_P4_D0_FINAL_SUMMARY.json,COPIED_SOURCE_ASSET,PHASE4_REVISION/p4-d0_b_confidence_asset_audit/03_p4_d0_final_summary.json,SUPPORTING,B confidence calibration input,479,7404e1007280e0f541b2d6467ff05276e596417f8302588931e8da3cef9cc5c6,7404e1007280e0f541b2d6467ff05276e596417f8302588931e8da3cef9cc5c6,
08_revision_experiments/weighted_fusion/B_confidence/04_P4_D0_FINAL_FREEZE.json,COPIED_SOURCE_ASSET,PHASE4_REVISION/p4-d0_b_confidence_asset_audit/04_p4_d0_final_freeze.json,SUPPORTING,B confidence calibration input,468,ea5c100ecb103f1d9dfb19013e056f698caa95c3e55f17262f4a336119f3eb24,ea5c100ecb103f1d9dfb19013e056f698caa95c3e55f17262f4a336119f3eb24,
09_representation_baselines/dinov2_base_metrics_v1.json,COPIED_SOURCE_ASSET,FULL_PRF_HISTORY/yl/sota/outputs/dinov2_base_metrics_v1.json,CANONICAL,Representation-model baselines,1009,95c6c3c185953781a6427e1f618a960989eff7e6d71b4f868f419be6ed581ad0,95c6c3c185953781a6427e1f618a960989eff7e6d71b4f868f419be6ed581ad0,
09_representation_baselines/eva02_base_clip_224_metrics_v1.json,COPIED_SOURCE_ASSET,FULL_PRF_HISTORY/yl/sota/outputs/eva02_base_clip_224_metrics_v1.json,CANONICAL,Representation-model baselines,1016,f3ade0b6998d029abc0da18425d762005b24c569ecfcbfc0066f60b624f837c0,f3ade0b6998d029abc0da18425d762005b24c569ecfcbfc0066f60b624f837c0,
09_representation_baselines/representation_model_baseline_metrics_matched_coverage_v1.csv,COPIED_SOURCE_ASSET,FULL_PRF_HISTORY/yl/sota/outputs/representation_model_baseline_metrics_matched_coverage_v1.csv,CANONICAL,Representation-model baselines,562,0b1884d8a2c065bdc47116df05e3fd1968a4f2516c2dedba92d394b35014f5bb,0b1884d8a2c065bdc47116df05e3fd1968a4f2516c2dedba92d394b35014f5bb,
09_representation_baselines/representation_model_baseline_metrics_matched_coverage_v1.json,COPIED_SOURCE_ASSET,FULL_PRF_HISTORY/yl/sota/outputs/representation_model_baseline_metrics_matched_coverage_v1.json,CANONICAL,Representation-model baselines,1350,2e0f6ed84ab11ed9da01cf9ad4fbc4616469834d845bed008ba8104de7f87dda,2e0f6ed84ab11ed9da01cf9ad4fbc4616469834d845bed008ba8104de7f87dda,
09_representation_baselines/representation_model_baseline_metrics_v1.csv,COPIED_SOURCE_ASSET,FULL_PRF_HISTORY/yl/sota/outputs/representation_model_baseline_metrics_v1.csv,CANONICAL,Representation-model baselines,1295,2b9540f6faabe8ea9f11ceae75a44cfe3a58fdb285c00950b63ab5d7508c215a,2b9540f6faabe8ea9f11ceae75a44cfe3a58fdb285c00950b63ab5d7508c215a,
09_representation_baselines/siglip2_base_patch16_224_metrics_v1.json,COPIED_SOURCE_ASSET,FULL_PRF_HISTORY/yl/sota/outputs/siglip2_base_patch16_224_metrics_v1.json,CANONICAL,Representation-model baselines,1020,5fc89ae5dd9faae03c38c210c74b05bf414cf78e76a74f1a6bd87acc6895c34f,5fc89ae5dd9faae03c38c210c74b05bf414cf78e76a74f1a6bd87acc6895c34f,
09_representation_baselines/sota_baseline_metrics_complete_v1.csv,COPIED_SOURCE_ASSET,FULL_PRF_HISTORY/yl/sota/outputs/sota_baseline_metrics_complete_v1.csv,CANONICAL,Representation-model baselines,814,884e561f3012c4d4ac8ba3cdd28a2c0f59f3011b10681a22e518fe56608faea3,884e561f3012c4d4ac8ba3cdd28a2c0f59f3011b10681a22e518fe56608faea3,
09_representation_baselines/sota_baseline_metrics_complete_v1.json,COPIED_SOURCE_ASSET,FULL_PRF_HISTORY/yl/sota/outputs/sota_baseline_metrics_complete_v1.json,CANONICAL,Representation-model baselines,4074,0754890ce65e49d406fdc0081e0b2567ed6b4dee91b326c63bbfdbdbc2851e5e,0754890ce65e49d406fdc0081e0b2567ed6b4dee91b326c63bbfdbdbc2851e5e,
09_representation_baselines/sota_baseline_stratified_metrics_v1.csv,COPIED_SOURCE_ASSET,FULL_PRF_HISTORY/yl/sota/outputs/sota_baseline_stratified_metrics_v1.csv,CANONICAL,Representation-model baselines,2663,1cf52c5f765e4a4c3309f352cea687f709c4f0f54bf529d482c6e84060e78a7b,1cf52c5f765e4a4c3309f352cea687f709c4f0f54bf529d482c6e84060e78a7b,
09_representation_baselines/sota_baseline_stratified_metrics_v1.json,COPIED_SOURCE_ASSET,FULL_PRF_HISTORY/yl/sota/outputs/sota_baseline_stratified_metrics_v1.json,CANONICAL,Representation-model baselines,10551,7e8df56ec98ca3f1e1cb47b231c9826a443beb6e8fe6e5b33a46b56d8a314fa9,7e8df56ec98ca3f1e1cb47b231c9826a443beb6e8fe6e5b33a46b56d8a314fa9,
09_representation_baselines/sota_baseline_stratified_metrics_v2.csv,COPIED_SOURCE_ASSET,FULL_PRF_HISTORY/yl/sota/outputs/sota_baseline_stratified_metrics_v2.csv,CANONICAL,Representation-model baselines,3227,1224164c4fe9dabfa75ac169e83c4db9980e438648cbc87069e338e56fc4f0ff,1224164c4fe9dabfa75ac169e83c4db9980e438648cbc87069e338e56fc4f0ff,
README.md,GENERATED_RELEASE_METADATA,,GENERATED,Repository metadata/documentation,1823,038fdd31df770f78554fc029c1c20adb9c42c577eb0a72974cb2afba4574544a,038fdd31df770f78554fc029c1c20adb9c42c577eb0a72974cb2afba4574544a,
docs/DATA_AVAILABILITY.md,GENERATED_RELEASE_METADATA,,GENERATED,Repository metadata/documentation,587,2c2299d920ab3674851201000c6fb895adc0ef7f3c06abd0f03f8d12c6a34a9d,2c2299d920ab3674851201000c6fb895adc0ef7f3c06abd0f03f8d12c6a34a9d,
docs/MODEL_AVAILABILITY.md,GENERATED_RELEASE_METADATA,,GENERATED,Repository metadata/documentation,635,033c74b71f66e682671dfa809583be66f23bd4679bf5b84ccc107d45467bd62f,033c74b71f66e682671dfa809583be66f23bd4679bf5b84ccc107d45467bd62f,
docs/PAPER_TO_REPOSITORY_MAP.md,GENERATED_RELEASE_METADATA,,GENERATED,Repository metadata/documentation,1402,e842cf039fd2aa92337297614415713c0545d091c5206409b5674016067951bb,e842cf039fd2aa92337297614415713c0545d091c5206409b5674016067951bb,
docs/RELEASE_NOTES.md,GENERATED_RELEASE_METADATA,,GENERATED,Repository metadata/documentation,531,c4b1d7c3a0bd86e4ce4274cb788660b9b91b22f76660860a94ed6de2bfe0ee98,c4b1d7c3a0bd86e4ce4274cb788660b9b91b22f76660860a94ed6de2bfe0ee98,
docs/REPRODUCIBILITY.md,GENERATED_RELEASE_METADATA,,GENERATED,Repository metadata/documentation,882,27ef92d03f25b8c242d069eb20f0a85184ce9bdca07f8ea3e2dc954bb1cb1d68,27ef92d03f25b8c242d069eb20f0a85184ce9bdca07f8ea3e2dc954bb1cb1d68,
metadata/PHYSICAL_COPY_RESOLUTION.csv,GENERATED_RELEASE_METADATA,,GENERATED,Repository metadata/documentation,47904,5434d2202f877af9489b3c696e8e96c44e39d840dc14884270debe4c5f41c6fc,5434d2202f877af9489b3c696e8e96c44e39d840dc14884270debe4c5f41c6fc,
metadata/PUBLICATION_METADATA_CHECKLIST.md,GENERATED_RELEASE_METADATA,,GENERATED,Repository metadata/documentation,456,bd332b555de27ae8307dd60fb75aa4a673fdc07411680e55fb4a6acdb401e70f,bd332b555de27ae8307dd60fb75aa4a673fdc07411680e55fb4a6acdb401e70f,
metadata/SOURCE_ASSET_MANIFEST.csv,GENERATED_RELEASE_METADATA,,GENERATED,Repository metadata/documentation,71966,180fc1f94868aa89bd8731684f4130938620dd9dbd522600ae55b4e40f540e7b,180fc1f94868aa89bd8731684f4130938620dd9dbd522600ae55b4e40f540e7b,
requirements.txt,GENERATED_RELEASE_METADATA,,GENERATED,Repository metadata/documentation,346,41fbf09a4a499672648b9367dbbca8a79b570ea2e1da8262232f478b51000cfa,41fbf09a4a499672648b9367dbbca8a79b570ea2e1da8262232f478b51000cfa,
docs/LOCAL_PATH_PLACEHOLDERS.md,GENERATED_RELEASE_METADATA,,GENERATED,Public path-placeholder documentation,1683,f3c1a37883bed21168eae72efb18503c3e510de1657643b8e4ba38c0e46149da,,
