release_path,source_alias_public,sha256,physical_copy_source,source_group,canonical_status,role,notes
01_prototype_303/notebooks/PRF1.ipynb,PROTOTYPE_303/阶段代码/prf1.ipynb,41e3e0f317f1133ad327e32c4c63c69927ceefe5d1025b447eff08afce56ab68,True,V2A_CODE_NOTEBOOK,SUPPORTING,NOTEBOOK,Preserve original notebook; derived .py export planned.
01_prototype_303/notebooks/PRF2.ipynb,PROTOTYPE_303/阶段代码/prf2.ipynb,cd90a3574d4ff9983c9f9b3dbc0509ce1671ba5712ee5b260ce8304e87cf3915,True,V2A_CODE_NOTEBOOK,SUPPORTING,NOTEBOOK,Preserve original notebook; derived .py export planned.
01_prototype_303/notebooks/PRF3.ipynb,PROTOTYPE_303/阶段代码/prf3.ipynb,b97caaaf3e27a7f9076f4eba70c7b753a99a75b1c505b081172707ff6422b990,True,V2A_CODE_NOTEBOOK,SUPPORTING,NOTEBOOK,Preserve original notebook; derived .py export planned.
01_prototype_303/notebooks/PRF303JG.ipynb,PROTOTYPE_303/阶段代码/prf303jg.ipynb,23579df4b61fe4facb23d58a6a9ed034eda5b82cefed2b38caceafabf509cd36,True,V2A_CODE_NOTEBOOK,SUPPORTING,NOTEBOOK,Preserve original notebook; derived .py export planned.
02_full_prf_pipeline/code/PRFquan1全量实验全样本.py,PROTOTYPE_303/阶段代码/prfquan1全量实验全样本.py,d7f025b3efdc6eaeff1d691bae101b9b687f72c449e5fbd3cf7b66abdca371ce,True,V2A_CODE_NOTEBOOK,CANONICAL,PYTHON,Full-sample PRF pipeline source.
02_full_prf_pipeline/provenance/mother_U_copy_manifest_v1.json,FULL_PRF_HISTORY/yl/sota/logs/mother_u_copy_manifest_v1.json,a44fb8226a7e7dba15548490864fb3496710508ccf12a7418751206481b707d1,True,V2C_RESULTS,SUPPORTING,Full PRF decision-universe provenance,Manifest only; large raw universe is not blindly duplicated.
03_core_validation/ablation/ablation_metrics_v1.csv,FULL_PRF_HISTORY/yl/sota/raw_inputs/ablation_metrics_v1.csv,f2a8867b1ffe44f96d91c2323b86f328ff9f257ede9ca0176413ba18db0e12a3,False,V2C_RESULTS,CANONICAL,PRF ablation study,Ablation metric/prediction evidence. | DESTINATION COLLISION: multiple source files map to the same release path; review before copy.
03_core_validation/ablation/ablation_metrics_v1.csv,FULL_PRF_HISTORY/yl/xryz/ablation_metrics_v1.csv,f2a8867b1ffe44f96d91c2323b86f328ff9f257ede9ca0176413ba18db0e12a3,True,V2C_RESULTS,CANONICAL,PRF ablation study,Ablation metric/prediction evidence. | DESTINATION COLLISION: multiple source files map to the same release path; review before copy.
03_core_validation/ablation/ablation_metrics_v1.json,FULL_PRF_HISTORY/yl/sota/raw_inputs/ablation_metrics_v1.json,d70327fec8392177d58cf5cfae98fceee2a81beb8d69148c3577a6b1d13f3775,False,V2C_RESULTS,CANONICAL,PRF ablation study,Ablation metric/prediction evidence. | DESTINATION COLLISION: multiple source files map to the same release path; review before copy.
03_core_validation/ablation/ablation_metrics_v1.json,FULL_PRF_HISTORY/yl/xryz/ablation_metrics_v1.json,d70327fec8392177d58cf5cfae98fceee2a81beb8d69148c3577a6b1d13f3775,True,V2C_RESULTS,CANONICAL,PRF ablation study,Ablation metric/prediction evidence. | DESTINATION COLLISION: multiple source files map to the same release path; review before copy.
03_core_validation/ablation/ablation_predictions_v1.jsonl,FULL_PRF_HISTORY/yl/sota/raw_inputs/ablation_predictions_v1.jsonl,a500ebd697104f4696764e9f164a488051b173be60230cbfb6c43ceb84215b0d,False,V2C_RESULTS,CANONICAL,PRF ablation study,Ablation metric/prediction evidence. | DESTINATION COLLISION: multiple source files map to the same release path; review before copy.
03_core_validation/ablation/ablation_predictions_v1.jsonl,FULL_PRF_HISTORY/yl/xryz/ablation_predictions_v1.jsonl,a500ebd697104f4696764e9f164a488051b173be60230cbfb6c43ceb84215b0d,True,V2C_RESULTS,CANONICAL,PRF ablation study,Ablation metric/prediction evidence. | DESTINATION COLLISION: multiple source files map to the same release path; review before copy.
03_core_validation/code/PRF核心验证.py,PROTOTYPE_303/阶段代码/prf核心验证.py,ceb1703a603e455d822f566669a6ca31bae50cbc5aa744fe130d8c86b30d70b6,True,V2A_CODE_NOTEBOOK,CANONICAL,PYTHON,Primary core-validation source.
03_core_validation/code/PRF核心验证v2尝试.py,PROTOTYPE_303/阶段代码/prf核心验证v2尝试.py,03ddb950ff65e7e2c738d8cb37fdee27c74121a34df023192ebf0decaf2b3d2b,True,V2A_CODE_NOTEBOOK,SUPPORTING,PYTHON,Historical core-validation variant.
03_core_validation/code/PRF消融实验.py,PROTOTYPE_303/阶段代码/prf消融实验.py,e950f32b62d0abf1d808309493c5aa0cd1f7267e7e9edb8574d8e0a47e40147d,True,V2A_CODE_NOTEBOOK,CANONICAL,PYTHON,PRF ablation source.
03_core_validation/metrics/core_metrics_v1.csv,FULL_PRF_HISTORY/yl/hxyz/core_metrics_v1.csv,931b40b6edf8bdc658948e67bf4a23fca396a12ddcaed8ba1048a45fd10283dd,True,V2C_RESULTS,SUPPORTING,PRF core validation,Core/reference metric evidence. | DESTINATION COLLISION: multiple source files map to the same release path; review before copy.
03_core_validation/metrics/core_metrics_v1.csv,FULL_PRF_HISTORY/yl/sota/raw_inputs/core_metrics_v1.csv,931b40b6edf8bdc658948e67bf4a23fca396a12ddcaed8ba1048a45fd10283dd,False,V2C_RESULTS,SUPPORTING,PRF core validation,Core/reference metric evidence. | DESTINATION COLLISION: multiple source files map to the same release path; review before copy.
03_core_validation/metrics/core_metrics_v1.json,FULL_PRF_HISTORY/yl/hxyz/core_metrics_v1.json,b5df62d0d1b75ff66240f0cfae26a445ac3be05f24062450fdb851c77940185e,True,V2C_RESULTS,SUPPORTING,PRF core validation,Core/reference metric evidence. | DESTINATION COLLISION: multiple source files map to the same release path; review before copy.
03_core_validation/metrics/core_metrics_v1.json,FULL_PRF_HISTORY/yl/sota/raw_inputs/core_metrics_v1.json,b5df62d0d1b75ff66240f0cfae26a445ac3be05f24062450fdb851c77940185e,False,V2C_RESULTS,SUPPORTING,PRF core validation,Core/reference metric evidence. | DESTINATION COLLISION: multiple source files map to the same release path; review before copy.
03_core_validation/metrics/prf_eval_split_reference_metrics_v1.json,FULL_PRF_HISTORY/yl/sota/outputs/prf_eval_split_reference_metrics_v1.json,497950d30cb26acbbec17b6256194f8fc25aaf83fa2f853beaf46eb2d2bb71bb,True,V2C_RESULTS,SUPPORTING,PRF core validation,Core/reference metric evidence.
03_core_validation/prompt_sensitivity/prompt_sensitivity_metrics_v1v2.csv,FULL_PRF_HISTORY/yl/hxyz/prompt_sensitivity_metrics_v1v2.csv,0e08bd53a62e9b4f67b30e818bd19137c52c39277cffda07287bf86d96d76fcf,True,V2C_RESULTS,SUPPORTING,Prompt sensitivity,Prompt-sensitivity evidence.
03_core_validation/prompt_sensitivity/prompt_sensitivity_metrics_v1v2.json,FULL_PRF_HISTORY/yl/hxyz/prompt_sensitivity_metrics_v1v2.json,42a600d7e190899e3090ef0a1db5fe39938db7c2539f1e27529da3b0c558edf2,True,V2C_RESULTS,SUPPORTING,Prompt sensitivity,Prompt-sensitivity evidence.
04_distillation_dataset/code/PRF蒸馏数据集文本切分.py,PROTOTYPE_303/阶段代码/prf蒸馏数据集文本切分.py,e1924ccd9e80f7e226880c333b40da31bf7cbd40360e1143c22f0cc767405534,True,V2A_CODE_NOTEBOOK,CANONICAL,PYTHON,Distillation dataset construction source.
04_distillation_dataset/code/PRF蒸馏数据集视觉切分.py,PROTOTYPE_303/阶段代码/prf蒸馏数据集视觉切分.py,7735cea5643917750de866b9c44a32f4e4e2dd4708eb421104bb5bc737f8c944,True,V2A_CODE_NOTEBOOK,CANONICAL,PYTHON,Distillation dataset construction source.
05_student_lora/base_model_metadata/01_required_assets.csv,PHASE2_STUDENT_EXTERNAL/g4-s0d_hf_base_final_freeze/01_required_assets.csv,8d33dc297dd13decf0f3a8138ed7829f493124219e9e155ad243213bfa5e15c4,True,V2C_RESULTS,SUPPORTING,Student base-model provenance,Metadata/fingerprint only. Base model weights are not redistributed.
05_student_lora/base_model_metadata/02_weight_shards.csv,PHASE2_STUDENT_EXTERNAL/g4-s0d_hf_base_final_freeze/02_weight_shards.csv,fd98ae420ee90059c48a9e25b0292e319f39ca7b2761af65ab6e7d914b2c558d,True,V2C_RESULTS,SUPPORTING,Student base-model provenance,Metadata/fingerprint only. Base model weights are not redistributed.
05_student_lora/base_model_metadata/03_hf_base_sha256.csv,PHASE2_STUDENT_EXTERNAL/g4-s0d_hf_base_final_freeze/03_hf_base_sha256.csv,102a9885b6764362de20e2604ed1240b367b511a63c1859ec2d97b82b53e1170,True,V2C_RESULTS,SUPPORTING,Student base-model provenance,Metadata/fingerprint only. Base model weights are not redistributed.
05_student_lora/base_model_metadata/G4_S0D_HF_BASE_FREEZE.json,PHASE2_STUDENT_EXTERNAL/g4-s0d_hf_base_final_freeze/g4_s0d_hf_base_freeze.json,454da70c803f604612b9a5a29c327f31a0434e944ea3c02e4768ae8cc7fe84b1,True,V2C_RESULTS,SUPPORTING,Student base-model provenance,Metadata/fingerprint only. Base model weights are not redistributed.
05_student_lora/base_model_metadata/G4_S0D_HF_BASE_FREEZE.txt,PHASE2_STUDENT_EXTERNAL/g4-s0d_hf_base_final_freeze/g4_s0d_hf_base_freeze.txt,8e440197470ebf220b41f406c39f45f3080dbd7fd10370e7c8ae5e604f3b889e,True,V2C_RESULTS,SUPPORTING,Student base-model provenance,Metadata/fingerprint only. Base model weights are not redistributed.
05_student_lora/evaluation/test2000_confusion_matrix.json,STUDENT_DISTILLATION_STAGE/eval_results/test2000_confusion_matrix.json,afd028e84c4879b7e275b1562739d03aa254e7e3e4f2ac3dc83ead02524898ac,True,V2C_RESULTS,SUPPORTING,Original distilled Student evaluation,Final/primary Student validation or test evidence.
05_student_lora/evaluation/test2000_eval_report.json,STUDENT_DISTILLATION_STAGE/eval_results/test2000_eval_report.json,ac02daae7f88b5361f96a7f6a646dd5a2dbb8407c44374b77cd1459047efeccf,True,V2C_RESULTS,SUPPORTING,Original distilled Student evaluation,Final/primary Student validation or test evidence.
05_student_lora/evaluation/test2000_predictions.jsonl,STUDENT_DISTILLATION_STAGE/eval_results/test2000_predictions.jsonl,79543f5e3e05dd35aa1bca628c5aa14e4347bcba2cfc6d38d829018c2b556c36,True,V2C_RESULTS,SUPPORTING,Original distilled Student evaluation,Final/primary Student validation or test evidence.
05_student_lora/evaluation/test2000_summary.json,STUDENT_DISTILLATION_STAGE/eval_results/test2000_summary.json,8bafb01fdb171da762daf950bc752c48c78550dc760cef812eff9c82344248f9,True,V2C_RESULTS,SUPPORTING,Original distilled Student evaluation,Final/primary Student validation or test evidence.
05_student_lora/evaluation/test_stratified_2000.jsonl,STUDENT_DISTILLATION_STAGE/eval_results/test_stratified_2000.jsonl,2e384380495d7ceff38e1408edff4181fc7c551a675732f37800371233866ab9,True,V2C_RESULTS,SUPPORTING,Original distilled Student evaluation,Final/primary Student validation or test evidence.
05_student_lora/evaluation/test_stratified_2000_meta.json,STUDENT_DISTILLATION_STAGE/eval_results/test_stratified_2000_meta.json,1dc468053692309d8544bd106973eefa15db4797c03127018f485533dec0324d,True,V2C_RESULTS,SUPPORTING,Original distilled Student evaluation,Final/primary Student validation or test evidence.
05_student_lora/evaluation/val1000_confusion_matrix.json,STUDENT_DISTILLATION_STAGE/eval_results/val1000_confusion_matrix.json,cb77c0a130d0a7f6792c8cada3d3b694b48ccff2c4c47fb0461592357f1c2515,True,V2C_RESULTS,SUPPORTING,Original distilled Student evaluation,Final/primary Student validation or test evidence.
05_student_lora/evaluation/val1000_eval_report.json,STUDENT_DISTILLATION_STAGE/eval_results/val1000_eval_report.json,bce1193d7903330d096ab9eb0ecb09ff544906169adb59f1193c83982c933da0,True,V2C_RESULTS,SUPPORTING,Original distilled Student evaluation,Final/primary Student validation or test evidence.
05_student_lora/evaluation/val1000_predictions.jsonl,STUDENT_DISTILLATION_STAGE/eval_results/val1000_predictions.jsonl,a9eaf1ce2d3a711c3e47b9d9f958bce6f4e992118bea0c3f297fbc9a62e23199,True,V2C_RESULTS,SUPPORTING,Original distilled Student evaluation,Final/primary Student validation or test evidence.
05_student_lora/evaluation/val1000_summary.json,STUDENT_DISTILLATION_STAGE/eval_results/val1000_summary.json,2d03099b45917571e695c1846055e66057ebc36ffe89d98289e9b7c28df09d41,True,V2C_RESULTS,SUPPORTING,Original distilled Student evaluation,Final/primary Student validation or test evidence.
05_student_lora/evaluation/val_stratified_1000.jsonl,STUDENT_DISTILLATION_STAGE/eval_results/val_stratified_1000.jsonl,e113c4a147a22cf7883327e506636e69909cbcc09d5eb5fefc320ec7c236041d,True,V2C_RESULTS,SUPPORTING,Original distilled Student evaluation,Final/primary Student validation or test evidence.
05_student_lora/evaluation/val_stratified_1000_meta.json,STUDENT_DISTILLATION_STAGE/eval_results/val_stratified_1000_meta.json,10d2e6a485f6d4ccf38bd520ba73a0ea1c3609d11e58fa852048bb6aa1f245ff,True,V2C_RESULTS,SUPPORTING,Original distilled Student evaluation,Final/primary Student validation or test evidence.
05_student_lora/final_adapter/original_student/README.md,STUDENT_DISTILLATION_STAGE/04_最终模型_final/final/readme.md,2b3deaecf6dd0886fd9f36e9c4adadf4015c205306a3bae76fd68f1525e8e573,True,V2C_RESULTS,CANONICAL,Original distilled Student model,Final original Student LoRA metadata. Weight file will be resolved from V2-A.
05_student_lora/final_adapter/original_student/adapter_config.json,STUDENT_DISTILLATION_STAGE/04_最终模型_final/final/adapter_config.json,742b2f602084490d198f8c4d3d5499c05e0d11fc562a76c71f5c76d02667072f,True,V2C_RESULTS,CANONICAL,Original distilled Student model,Final original Student LoRA metadata. Weight file will be resolved from V2-A.
05_student_lora/final_adapter/original_student/adapter_config.json,STUDENT_DISTILLATION_STAGE/04_最终模型_final/final/adapter_config.json,742b2f602084490d198f8c4d3d5499c05e0d11fc562a76c71f5c76d02667072f,False,V2A_LORA,CANONICAL,original_distilled_student,Exact final-adapter parent match.
05_student_lora/final_adapter/original_student/adapter_model.safetensors,STUDENT_DISTILLATION_STAGE/04_最终模型_final/final/adapter_model.safetensors,ca8839bb328ed03322432fa43035edb8c0ee37882d66dba7198d45bd9a2657bd,True,V2A_LORA,CANONICAL,original_distilled_student,Exact final-adapter parent match.
05_student_lora/runtime/G4_S1A4_STUDENT_RUNTIME_FINAL_FREEZE.json,PHASE2_STUDENT_EXTERNAL/g4-s1a4_student_runtime_final_freeze/g4_s1a4_student_runtime_final_freeze.json,9b97834de15ce1fffb89a03d5570e79dd06a24cdb26e2064a614eac10ab89b1a,True,V2C_RESULTS,SUPPORTING,Student runtime provenance,Frozen Student runtime configuration.
05_student_lora/training/11_make_keep_indices_from_trainA_v2.py,STUDENT_DISTILLATION_STAGE/00_核心代码/11_make_keep_indices_from_traina_v2.py,b912a9733742c2f7065c508dfd6ac4cf4a44d3ad88e1430e6907433737dd1fb0,True,V2A_CODE_NOTEBOOK,CANONICAL,PYTHON,Original Student LoRA training source.
05_student_lora/training/12_train_lora_from_cache_keepidx_trainA_fast100.py,STUDENT_DISTILLATION_STAGE/00_核心代码/12_train_lora_from_cache_keepidx_traina_fast100.py,8ee9ce279621e11759c390ae2b69f0c7671ae9bc2c8defa2ef1541157c61368c,True,V2A_CODE_NOTEBOOK,CANONICAL,PYTHON,Original Student LoRA training source.
05_student_lora/training/13_train_lora_full_keepidx_trainA.py,STUDENT_DISTILLATION_STAGE/00_核心代码/13_train_lora_full_keepidx_traina.py,d6eb55bad48deb3d5f8ed1a3040943084e0cff9bee1455b59a49c8505dddc9df,True,V2A_CODE_NOTEBOOK,CANONICAL,PYTHON,Original Student LoRA training source.
05_student_lora/training/14_resume_from_ckpt020000_nan_safe.py,STUDENT_DISTILLATION_STAGE/00_核心代码/14_resume_from_ckpt020000_nan_safe.py,028ef546fda1797c3e225a79c698d5977d4e69574e3b692637d581c5f4c9f2e4,True,V2A_CODE_NOTEBOOK,CANONICAL,PYTHON,Original Student LoRA training source.
05_student_lora/training/resume_meta.json,STUDENT_DISTILLATION_STAGE/03_训练结果_恢复final_run/resume_meta.json,c60275862e8bef8e97577bb4d2a3e0b1a51920a6892b52e0c893c2f3ccc2b805,True,V2C_RESULTS,SUPPORTING,Original Student training provenance,Recovered final training log/resume metadata.
05_student_lora/training/train_log.jsonl,STUDENT_DISTILLATION_STAGE/03_训练结果_恢复final_run/train_log.jsonl,c23012cc86f8a25c4808e422d9f2f95187344765373f97c379889136849dee86,True,V2C_RESULTS,SUPPORTING,Original Student training provenance,Recovered final training log/resume metadata.
06_external_validation/phase1_teacher_prf/datasets/CLWD/final_results_v1.csv,PHASE1_EXTERNAL/02_external_validation/g3j_clwd/01_shared_watermark_dev/99_final_closure/final_results_v1.csv,27161a518f7a791f37f544e3999a762bf09dc26540f56578836c62f8a387af04,True,V2C_RESULTS,SUPPORTING,CLWD external validation,Dataset-level frozen/final evidence supporting Phase 1 final audit.
06_external_validation/phase1_teacher_prf/datasets/CLWD/final_summary_v1.json,PHASE1_EXTERNAL/02_external_validation/g3j_clwd/01_shared_watermark_dev/99_final_closure/final_summary_v1.json,aca39d999f7f7010a2fdae147fe087adc4d8ed72451a29521b4ec54da27d82d7,True,V2C_RESULTS,SUPPORTING,CLWD external validation,Dataset-level frozen/final evidence supporting Phase 1 final audit.
06_external_validation/phase1_teacher_prf/datasets/CLWD/freeze_manifest_v1.json,PHASE1_EXTERNAL/02_external_validation/g3j_clwd/01_shared_watermark_dev/99_final_closure/freeze_manifest_v1.json,e85b62e48a165f927c11b749855fd464a441a48a397aab3e0910d0d73510d471,True,V2C_RESULTS,SUPPORTING,CLWD external validation,Dataset-level frozen/final evidence supporting Phase 1 final audit.
06_external_validation/phase1_teacher_prf/datasets/COVERAGE1000/final_results_v1.csv,PHASE1_EXTERNAL/02_external_validation/g3g_coverage1000_confirmatory/99_final_closure/final_results_v1.csv,258e4df53212d600e0225fd7b59b3acf260c7029f53244e68e605dfe18ad9fdd,True,V2C_RESULTS,SUPPORTING,COVERAGE1000 external validation,Dataset-level frozen/final evidence supporting Phase 1 final audit.
06_external_validation/phase1_teacher_prf/datasets/COVERAGE1000/final_summary_v1.json,PHASE1_EXTERNAL/02_external_validation/g3g_coverage1000_confirmatory/99_final_closure/final_summary_v1.json,795e8244c71d2e05564f3d1e14a59336e79b5951c8d6585e0ddc1b666e7d7ad5,True,V2C_RESULTS,SUPPORTING,COVERAGE1000 external validation,Dataset-level frozen/final evidence supporting Phase 1 final audit.
06_external_validation/phase1_teacher_prf/datasets/COVERAGE1000/freeze_manifest_v1.json,PHASE1_EXTERNAL/02_external_validation/g3g_coverage1000_confirmatory/99_final_closure/freeze_manifest_v1.json,3d8e9cee520cb6f3d9f37474dfafbd82389c396466c63b8ba0c1f0a79b516dfb,True,V2C_RESULTS,SUPPORTING,COVERAGE1000 external validation,Dataset-level frozen/final evidence supporting Phase 1 final audit.
06_external_validation/phase1_teacher_prf/datasets/IMD2020/IMD2020_pairs_828_freeze_v1.json,PHASE1_EXTERNAL/02_external_validation/g3l_imd2020/01_manifest/imd2020_pairs_828_freeze_v1.json,5e5bbf6d9fab50cfdf2daff951a0744d2f1d5df49022cd3aa9b8f132155244e9,True,V2C_RESULTS,SUPPORTING,IMD2020 external validation,Dataset-level frozen/final evidence supporting Phase 1 final audit.
06_external_validation/phase1_teacher_prf/datasets/IMD2020/final_results_v1.csv,PHASE1_EXTERNAL/02_external_validation/g3l_imd2020/99_final_closure/final_results_v1.csv,9cd5e51eb131ad537cb0c7e652b5802446b0cb7a37260e53e1e9ae5221c78caa,True,V2C_RESULTS,SUPPORTING,IMD2020 external validation,Dataset-level frozen/final evidence supporting Phase 1 final audit.
06_external_validation/phase1_teacher_prf/datasets/IMD2020/final_summary_v1.json,PHASE1_EXTERNAL/02_external_validation/g3l_imd2020/99_final_closure/final_summary_v1.json,2ac309f43af160c0c61ac6e2f37e451a032bbca647700ca8ed04aed61ca8404a,True,V2C_RESULTS,SUPPORTING,IMD2020 external validation,Dataset-level frozen/final evidence supporting Phase 1 final audit.
06_external_validation/phase1_teacher_prf/datasets/IMD2020/freeze_manifest_v1.json,PHASE1_EXTERNAL/02_external_validation/g3l_imd2020/99_final_closure/freeze_manifest_v1.json,bfecd7c7e815ce7e62a7f91a50d69fa41f6e5c26371becb4ead240587a9da172,True,V2C_RESULTS,SUPPORTING,IMD2020 external validation,Dataset-level frozen/final evidence supporting Phase 1 final audit.
06_external_validation/phase1_teacher_prf/datasets/INRIA_COVERAGE/COVERAGE_manifest_freeze_v1.json,PHASE1_EXTERNAL/02_external_validation/g3g_inria_coverage/01_manifest/coverage_manifest_freeze_v1.json,8e1d47fd14ca80540e2cfa93dd944277b356c1bf755d54074e6a2b5c19c19676,True,V2C_RESULTS,SUPPORTING,INRIA_COVERAGE external validation,Dataset-level frozen/final evidence supporting Phase 1 final audit.
06_external_validation/phase1_teacher_prf/datasets/INRIA_COVERAGE/INRIA_Copydays_manifest_freeze_v1.json,PHASE1_EXTERNAL/02_external_validation/g3g_inria_coverage/01_manifest/inria_copydays_manifest_freeze_v1.json,c11e4409f0fe44937a8324ad9579108e61090cd8e909cfd90ade9ebc8b23a26b,True,V2C_RESULTS,SUPPORTING,INRIA_COVERAGE external validation,Dataset-level frozen/final evidence supporting Phase 1 final audit.
06_external_validation/phase1_teacher_prf/datasets/INRIA_COVERAGE/final_results_v1.csv,PHASE1_EXTERNAL/02_external_validation/g3g_inria_coverage/99_final_closure/final_results_v1.csv,ccbd9164e73f11990db3f3898e9247c615c4fc8d20b8e0e9d014ef19a9824345,True,V2C_RESULTS,SUPPORTING,INRIA_COVERAGE external validation,Dataset-level frozen/final evidence supporting Phase 1 final audit.
06_external_validation/phase1_teacher_prf/datasets/INRIA_COVERAGE/final_summary_v1.json,PHASE1_EXTERNAL/02_external_validation/g3g_inria_coverage/99_final_closure/final_summary_v1.json,5d42070be42736c3e94a24e0c64e31c334a117fdf884291a7b896314591117cf,True,V2C_RESULTS,SUPPORTING,INRIA_COVERAGE external validation,Dataset-level frozen/final evidence supporting Phase 1 final audit.
06_external_validation/phase1_teacher_prf/datasets/INRIA_COVERAGE/freeze_manifest_v1.json,PHASE1_EXTERNAL/02_external_validation/g3g_inria_coverage/99_final_closure/freeze_manifest_v1.json,9efb711af35d2a7f0fb2201499b0afd6e6e0ddeb90fac3375ecf20da703b8251,True,V2C_RESULTS,SUPPORTING,INRIA_COVERAGE external validation,Dataset-level frozen/final evidence supporting Phase 1 final audit.
06_external_validation/phase1_teacher_prf/datasets/ISC2021/final_results_v1.csv,PHASE1_EXTERNAL/02_external_validation/g3i_isc2021/99_final_closure/final_results_v1.csv,c94938dfbbf2c4d85d1f2a9645e2c839849c685a6fb95ec012ce3008c7a98e1f,True,V2C_RESULTS,SUPPORTING,ISC2021 external validation,Dataset-level frozen/final evidence supporting Phase 1 final audit.
06_external_validation/phase1_teacher_prf/datasets/ISC2021/final_summary_v1.json,PHASE1_EXTERNAL/02_external_validation/g3i_isc2021/99_final_closure/final_summary_v1.json,aff3bef51d0fd52a890c2a89d605cf47b9eb05eb97596198e4ee8f306d1ee0fb,True,V2C_RESULTS,SUPPORTING,ISC2021 external validation,Dataset-level frozen/final evidence supporting Phase 1 final audit.
06_external_validation/phase1_teacher_prf/datasets/ISC2021/freeze_manifest_v1.json,PHASE1_EXTERNAL/02_external_validation/g3i_isc2021/99_final_closure/freeze_manifest_v1.json,f59883c02287af998680d657e276907c26c6dab76b120d6e47e51ad677d23638,True,V2C_RESULTS,SUPPORTING,ISC2021 external validation,Dataset-level frozen/final evidence supporting Phase 1 final audit.
06_external_validation/phase1_teacher_prf/datasets/LIVE/LIVE_Multiply_canonical_full_v1.csv,PHASE1_EXTERNAL/02_external_validation/g3f_live_multiply/01_manifest/live_multiply_canonical_full_v1.csv,2b55a07b7b9a7cb6d7e9abc17c85ebd91e64ad6250bdadda68a793afd91cbef5,True,V2C_RESULTS,SUPPORTING,LIVE external validation,Dataset-level frozen/final evidence supporting Phase 1 final audit.
06_external_validation/phase1_teacher_prf/datasets/LIVE/LIVE_Multiply_primary_final_audit_v1.json,PHASE1_EXTERNAL/02_external_validation/g3f_live_multiply/04_statistics/live_multiply_primary_final_audit_v1.json,eb6aca977cec915f3f6fbd51b6656abbbfb832a2fa2a78633144f37e61b18e80,True,V2C_RESULTS,SUPPORTING,LIVE external validation,Dataset-level frozen/final evidence supporting Phase 1 final audit.
06_external_validation/phase1_teacher_prf/datasets/LIVE/LIVE_Multiply_primary_final_predictions_v1.csv,PHASE1_EXTERNAL/02_external_validation/g3f_live_multiply/04_statistics/live_multiply_primary_final_predictions_v1.csv,d6cbed4122b2ac0f6c13704d44a04ccc08e6acb65589292193bb382656ff4429,True,V2C_RESULTS,SUPPORTING,LIVE external validation,Dataset-level frozen/final evidence supporting Phase 1 final audit.
06_external_validation/phase1_teacher_prf/datasets/LVW/LVW_pairs_2000_freeze_v1.json,PHASE1_EXTERNAL/02_external_validation/g3k_lvw/01_manifest/lvw_pairs_2000_freeze_v1.json,a4b2e8e31e362937b9d5e057dccc942bf40f961627419dd0d4bf04be0f8c10f8,True,V2C_RESULTS,SUPPORTING,LVW external validation,Dataset-level frozen/final evidence supporting Phase 1 final audit.
06_external_validation/phase1_teacher_prf/datasets/LVW/final_results_v1.csv,PHASE1_EXTERNAL/02_external_validation/g3k_lvw/99_final_closure/final_results_v1.csv,a45099c521ffc742742e9ca2d3e93071159240c36cd1e18554c4ede8333117e0,True,V2C_RESULTS,SUPPORTING,LVW external validation,Dataset-level frozen/final evidence supporting Phase 1 final audit.
06_external_validation/phase1_teacher_prf/datasets/LVW/final_summary_v1.json,PHASE1_EXTERNAL/02_external_validation/g3k_lvw/99_final_closure/final_summary_v1.json,fabc3206607174390c525d720d7d8ed429906eb18a0eae522050b3ac58422b53,True,V2C_RESULTS,SUPPORTING,LVW external validation,Dataset-level frozen/final evidence supporting Phase 1 final audit.
06_external_validation/phase1_teacher_prf/datasets/LVW/freeze_manifest_v1.json,PHASE1_EXTERNAL/02_external_validation/g3k_lvw/99_final_closure/freeze_manifest_v1.json,cfd4b68a2affb5437d4e5cf5f4b01d55fadc8702feaab38465e3e9f8f024164e,True,V2C_RESULTS,SUPPORTING,LVW external validation,Dataset-level frozen/final evidence supporting Phase 1 final audit.
06_external_validation/phase1_teacher_prf/datasets/PIPAL/PIPAL_D1_challenge1000_final_audit_v1.json,PHASE1_EXTERNAL/02_external_validation/g3d_pipal/04_statistics/pipal_d1_challenge1000_final_audit_v1.json,1f3f9d9b3215d0771c9f45b9c76a01e0ea5430ecbc5f266bdfada6c1f8806a9c,True,V2C_RESULTS,SUPPORTING,PIPAL external validation,Dataset-level frozen/final evidence supporting Phase 1 final audit.
06_external_validation/phase1_teacher_prf/datasets/PIPAL/PIPAL_D1_challenge1000_final_predictions_v1.csv,PHASE1_EXTERNAL/02_external_validation/g3d_pipal/04_statistics/pipal_d1_challenge1000_final_predictions_v1.csv,f58aeebc0436d471747aadc78367f5e0112d7d3efdc8048032134574bc7d77fa,True,V2C_RESULTS,SUPPORTING,PIPAL external validation,Dataset-level frozen/final evidence supporting Phase 1 final audit.
06_external_validation/phase1_teacher_prf/datasets/PIPAL/PIPAL_Distortion1_canonical_full_v1.csv,PHASE1_EXTERNAL/02_external_validation/g3d_pipal/01_manifest/pipal_distortion1_canonical_full_v1.csv,0bac141ba748e0670564b3db936514256c02c41ca1fa9c3bf570a25e54934227,True,V2C_RESULTS,SUPPORTING,PIPAL external validation,Dataset-level frozen/final evidence supporting Phase 1 final audit.
06_external_validation/phase1_teacher_prf/datasets/Waterloo/waterloo_final_by_distortion_level_v1.csv,PHASE1_EXTERNAL/02_external_validation/g3e_waterloo/04_statistical_freeze/waterloo_final_by_distortion_level_v1.csv,72247d4eeb8b28cb5f349f4ce81b56f51b5838d7eb15c296ccf093ca88ba1067,True,V2C_RESULTS,CANONICAL,Waterloo external validation,Final Waterloo statistical freeze evidence.
06_external_validation/phase1_teacher_prf/datasets/Waterloo/waterloo_final_by_distortion_v1.csv,PHASE1_EXTERNAL/02_external_validation/g3e_waterloo/04_statistical_freeze/waterloo_final_by_distortion_v1.csv,34e0a9be80f96cd93c6619715f9f3549e3daa7f652a63f3572557732290d7aa0,True,V2C_RESULTS,CANONICAL,Waterloo external validation,Final Waterloo statistical freeze evidence.
06_external_validation/phase1_teacher_prf/datasets/Waterloo/waterloo_final_overall_v1.csv,PHASE1_EXTERNAL/02_external_validation/g3e_waterloo/04_statistical_freeze/waterloo_final_overall_v1.csv,877b846f55b798d99f7c3e8b7e95ffb2d003f181ba0495a24a733d34c6fae12d,True,V2C_RESULTS,CANONICAL,Waterloo external validation,Final Waterloo statistical freeze evidence.
06_external_validation/phase1_teacher_prf/datasets/Waterloo/waterloo_final_paired_tests_v1.csv,PHASE1_EXTERNAL/02_external_validation/g3e_waterloo/04_statistical_freeze/waterloo_final_paired_tests_v1.csv,1a2907ec86d5c39e9c2a50520769bf5ef13a68676ba32f01fb1f19d3743cd758,True,V2C_RESULTS,CANONICAL,Waterloo external validation,Final Waterloo statistical freeze evidence.
06_external_validation/phase1_teacher_prf/datasets/Waterloo/waterloo_final_statistical_freeze_v1.json,PHASE1_EXTERNAL/02_external_validation/g3e_waterloo/04_statistical_freeze/waterloo_final_statistical_freeze_v1.json,ac8b9d996165adc594d94e63c8d85dc5d9f69b796eb398e254f5d72c480d38db,True,V2C_RESULTS,CANONICAL,Waterloo external validation,Final Waterloo statistical freeze evidence.
06_external_validation/phase1_teacher_prf/datasets/Waterloo/waterloo_prf_vs_direct30b_disagreements_v1.csv,PHASE1_EXTERNAL/02_external_validation/g3e_waterloo/04_statistical_freeze/waterloo_prf_vs_direct30b_disagreements_v1.csv,bfd92ab7f33d381705c62117d5373011dd0929433714899cce66a7b82fff3632,True,V2C_RESULTS,CANONICAL,Waterloo external validation,Final Waterloo statistical freeze evidence.
06_external_validation/phase1_teacher_prf/final_audit/External_Final_Audit_Freeze_v1.json,PHASE1_EXTERNAL/02_external_validation/g3n_external_final_audit/external_final_audit_freeze_v1.json,30ff88646da26f773ee0b01a85027ce94765b9edd851e9ea596410dc85640b4c,True,V2C_RESULTS,CANONICAL,Teacher/PRF external validation,Phase 1 final publication-facing audit/table.
06_external_validation/phase1_teacher_prf/final_audit/External_Final_Audit_Summary_v1.json,PHASE1_EXTERNAL/02_external_validation/g3n_external_final_audit/external_final_audit_summary_v1.json,dfc427ab6229860b0dc93defee33e4f80103a575c94ba1474b65c63857304806,True,V2C_RESULTS,CANONICAL,Teacher/PRF external validation,Phase 1 final publication-facing audit/table.
06_external_validation/phase1_teacher_prf/final_audit/Table_Main_External_Validation_v1.csv,PHASE1_EXTERNAL/02_external_validation/g3n_external_final_audit/table_main_external_validation_v1.csv,b7723bddd2272eb8f9eceacd848934d001c1e367d6d4d99ce8d4d07c8e505237,True,V2C_RESULTS,CANONICAL,Teacher/PRF external validation,Phase 1 final publication-facing audit/table.
06_external_validation/phase1_teacher_prf/final_audit/Table_Route_Only_Audit_v1.csv,PHASE1_EXTERNAL/02_external_validation/g3n_external_final_audit/table_route_only_audit_v1.csv,e3c3a057cab050428202149e3ffbfb7d469f3b3ff4babfbc916043ebd11e1f7e,True,V2C_RESULTS,CANONICAL,Teacher/PRF external validation,Phase 1 final publication-facing audit/table.
06_external_validation/phase1_teacher_prf/final_audit/Table_Supp_COVERAGE1000_v1.csv,PHASE1_EXTERNAL/02_external_validation/g3n_external_final_audit/table_supp_coverage1000_v1.csv,19300034e419cd8ebb0c917242ae3fc85662af73d3ec255b8afd051318c21f13,True,V2C_RESULTS,CANONICAL,Teacher/PRF external validation,Phase 1 final publication-facing audit/table.
06_external_validation/phase1_teacher_prf/final_audit/supporting/COVERAGE200_Teacher_Correction_Cases_v1.csv,PHASE1_EXTERNAL/02_external_validation/g3n_external_final_audit/coverage200_teacher_correction_cases_v1.csv,97571c318504b3f6e9b984b8cdcd8f006432b3667eb91c42a7cd33470927c48a,True,V2C_RESULTS,SUPPORTING,Teacher/PRF external validation,Supporting Phase 1 final-audit evidence.
06_external_validation/phase1_teacher_prf/final_audit/supporting/External_Final_Audit_Report_v1.md,PHASE1_EXTERNAL/02_external_validation/g3n_external_final_audit/external_final_audit_report_v1.md,e85d3738147471f89d5e0f8546b6dfa04b0632ca38d61fd8c4c5d75ff5ad5537,True,V2C_RESULTS,SUPPORTING,Teacher/PRF external validation,Supporting Phase 1 final-audit evidence.
06_external_validation/phase1_teacher_prf/frozen_prf/external_final_metrics_v1.json,PHASE1_EXTERNAL/02_external_validation/g3b_frozen_prf/external_final_metrics_v1.json,62a92bd006f40675b839ce3b3d0bd5c46a555e8be6620de84117d6c549b637ac,True,V2C_RESULTS,CANONICAL,Frozen PRF external baseline,Frozen external PRF metric/prediction/audit asset.
06_external_validation/phase1_teacher_prf/frozen_prf/external_final_prf_predictions_v1.csv,PHASE1_EXTERNAL/02_external_validation/g3b_frozen_prf/external_final_prf_predictions_v1.csv,08b887239f161c31c8b2d3a0d584ac354ccd3a3ed56641c16962dea6bc155cc2,True,V2C_RESULTS,CANONICAL,Frozen PRF external baseline,Frozen external PRF metric/prediction/audit asset.
06_external_validation/phase1_teacher_prf/frozen_prf/external_final_prf_predictions_v1.jsonl,PHASE1_EXTERNAL/02_external_validation/g3b_frozen_prf/external_final_prf_predictions_v1.jsonl,f497ac962e225c43d3bfcb2271e01917ea347647ead3e16ef3658cfc659fc3db,True,V2C_RESULTS,CANONICAL,Frozen PRF external baseline,Frozen external PRF metric/prediction/audit asset.
06_external_validation/phase1_teacher_prf/frozen_prf/g3b1_freeze_audit_v1.json,PHASE1_EXTERNAL/02_external_validation/g3b_frozen_prf/g3b1_freeze_audit_v1.json,818c3b3db2bb195671edd83f16148f1b6e02b8ae3c768159a850004c2e3b4d39,True,V2C_RESULTS,CANONICAL,Frozen PRF external baseline,Frozen external PRF metric/prediction/audit asset.
06_external_validation/phase1_teacher_prf/frozen_prf/supporting/external_merge_summary_v1.json,PHASE1_EXTERNAL/02_external_validation/g3b_frozen_prf/external_merge_summary_v1.json,7c8a90faa36e9af4b24577413871a2acca987fa18d95443945877ed695562db7,True,V2C_RESULTS,SUPPORTING,Frozen PRF external baseline,Supporting frozen PRF asset.
06_external_validation/phase1_teacher_prf/frozen_prf/supporting/external_primary_eval_pairs_v1.csv,PHASE1_EXTERNAL/02_external_validation/g3b_frozen_prf/external_primary_eval_pairs_v1.csv,91e4a7f6a2e4c18138d0e08ecc0ab7d0e8af8973ebf3289880c23e915fece626,True,V2C_RESULTS,SUPPORTING,Frozen PRF external baseline,Supporting frozen PRF asset.
06_external_validation/phase1_teacher_prf/frozen_prf/supporting/external_teacher_summary_v1.json,PHASE1_EXTERNAL/02_external_validation/g3b_frozen_prf/external_teacher_summary_v1.json,8478df5f76fcd35cc59a78093de0ea2467d455e3a7fe11aac59e5509c9fa4cdd,True,V2C_RESULTS,SUPPORTING,Frozen PRF external baseline,Supporting frozen PRF asset.
06_external_validation/phase2_student/canonical_9set/01_9set_contract_audit.csv,PHASE2_STUDENT_EXTERNAL/g4-s2b-f4_9set_canonical_master_final_lock/01_9set_contract_audit.csv,3f7c0052b21c41bde474a73070783cf0ef4459ca14a3c7651d05214734ea7fd8,True,V2C_RESULTS,CANONICAL,Nine-domain canonical evaluation universe,Final locked 9-set evaluation contract / audit asset.
06_external_validation/phase2_student/canonical_9set/G4_S2B_F4_9SET_CANONICAL_MASTER_FINAL_LOCK.json,PHASE2_STUDENT_EXTERNAL/g4-s2b-f4_9set_canonical_master_final_lock/g4_s2b_f4_9set_canonical_master_final_lock.json,e2b625e7d6c777bab126518fd5a36ec25ebfc6a48715100b9f502b9d5875284c,True,V2C_RESULTS,CANONICAL,Nine-domain canonical evaluation universe,Final locked 9-set evaluation contract / audit asset.
06_external_validation/phase2_student/canonical_9set/LIVE_CANONICAL_CONTRACT.jsonl,PHASE2_STUDENT_EXTERNAL/g4-s2b-f4_9set_canonical_master_final_lock/live_canonical_contract.jsonl,2ed0a6ffa712959eace35daf9fca278b441a3c7ba9195f6c09e181a818c20b68,True,V2C_RESULTS,CANONICAL,Nine-domain canonical evaluation universe,Final locked 9-set evaluation contract / audit asset.
06_external_validation/phase2_student/canonical_9set/PIPAL_CANONICAL_CONTRACT.jsonl,PHASE2_STUDENT_EXTERNAL/g4-s2b-f4_9set_canonical_master_final_lock/pipal_canonical_contract.jsonl,99c5f3968239512e3861cae562d929c923a7b1c6d7fd06a0e95fbb39a2c90ab9,True,V2C_RESULTS,CANONICAL,Nine-domain canonical evaluation universe,Final locked 9-set evaluation contract / audit asset.
06_external_validation/phase2_student/canonical_9set/PRF_EXTERNAL_9SET_CANONICAL_EVALUATION_CONTRACT_v1.jsonl,PHASE2_STUDENT_EXTERNAL/g4-s2b-f4_9set_canonical_master_final_lock/prf_external_9set_canonical_evaluation_contract_v1.jsonl,942ebcc3c92a6c4ccd480a4573bf4240360e2a33d37fd180991734b78e54766f,True,V2C_RESULTS,CANONICAL,Nine-domain canonical evaluation universe,Final locked 9-set evaluation contract / audit asset.
06_external_validation/phase2_student/code/43_run_pickapic_eval.py,PHASE2_STUDENT_EXTERNAL/g4-s1a2f_exact_inference_source/43_run_pickapic_eval.py,ebd9d56b11dae589424ae22581e628f6551f4ec1ead530ed0e59b309aeaac407,True,V2A_CODE_NOTEBOOK,CANONICAL,PYTHON,Exact external Student inference source.
06_external_validation/phase2_student/code/43_run_pickapic_eval_v2.py,PHASE2_STUDENT_EXTERNAL/g4-s1a2f_exact_inference_source/43_run_pickapic_eval_v2.py,94b2c1c721b6e1b483147141c74067d4da55772fe235f0a45e5c493381e08fcb,True,V2A_CODE_NOTEBOOK,CANONICAL,PYTHON,Exact external Student inference source.
06_external_validation/phase2_student/code/45_run_pickapic_eval_strict_v1.py,PHASE2_STUDENT_EXTERNAL/g4-s1a2f_exact_inference_source/45_run_pickapic_eval_strict_v1.py,bf6db08b343640a6779ed830d5499e1e605fb0c91acb0a7770e0ab5d5b4319fe,True,V2A_CODE_NOTEBOOK,CANONICAL,PYTHON,Exact external Student inference source.
06_external_validation/phase2_student/code/47_run_pickapic_prf_eval.py,PHASE2_STUDENT_EXTERNAL/g4-s1a2f_exact_inference_source/47_run_pickapic_prf_eval.py,55b535e9d0154812e0f2f1922ae19c0a2971e7321e39ea9741602e247d7b4681,True,V2A_CODE_NOTEBOOK,CANONICAL,PYTHON,Exact external Student inference source.
06_external_validation/phase2_student/code/smoke_audit/48_prompt_ablation_pickapic_smoke20.py,PHASE2_STUDENT_EXTERNAL/g4-s1a2f_exact_inference_source/48_prompt_ablation_pickapic_smoke20.py,39fc644a721c2aade0dcdaf93b8638e2d9a20edb82b68e3ef23e65b04dc989db,True,V2A_CODE_NOTEBOOK,SUPPORTING,PYTHON,Inference smoke/audit source.
06_external_validation/phase2_student/code/smoke_audit/49_prompt_ablation_pickapic_base8b_smoke20.py,PHASE2_STUDENT_EXTERNAL/g4-s1a2f_exact_inference_source/49_prompt_ablation_pickapic_base8b_smoke20.py,62bd6f8e6b61cabe9009efd1dc94531fdc22d92ddf456ba171cb8d04572cfcdd,True,V2A_CODE_NOTEBOOK,SUPPORTING,PYTHON,Inference smoke/audit source.
06_external_validation/phase2_student/final_freeze/01_PHASE2_CANONICAL_PUBLICATION_TABLE.csv,PHASE2_STUDENT_EXTERNAL/g4-s2h_phase2_student_external_generalization_final_freeze/01_phase2_canonical_publication_table.csv,e75a4f5524bbbc64fe9f3261445d6caf742fa3c9b2ee69a5b6d23a7ce5a9faa9,True,V2C_RESULTS,CANONICAL,Student external generalization,Phase 2 publication-facing final freeze asset.
06_external_validation/phase2_student/final_freeze/02_PHASE2_POLICY_TRANSFER_CANONICAL_TABLE.csv,PHASE2_STUDENT_EXTERNAL/g4-s2h_phase2_student_external_generalization_final_freeze/02_phase2_policy_transfer_canonical_table.csv,344234dbb8beb6fe4fa4158e95854f62aff28141ba71f836ba9e7c82635c1864,True,V2C_RESULTS,CANONICAL,Student external generalization,Phase 2 publication-facing final freeze asset.
06_external_validation/phase2_student/final_freeze/04_PHASE2_FROZEN_ASSET_FINGERPRINTS.csv,PHASE2_STUDENT_EXTERNAL/g4-s2h_phase2_student_external_generalization_final_freeze/04_phase2_frozen_asset_fingerprints.csv,5c6a6334e798b649e06a769109be4d48713b3e7b44ef99da97b4940e1a4697f8,True,V2C_RESULTS,CANONICAL,Student external generalization,Phase 2 publication-facing final freeze asset.
06_external_validation/phase2_student/final_freeze/05_PHASE2_CANONICAL_SUMMARY.md,PHASE2_STUDENT_EXTERNAL/g4-s2h_phase2_student_external_generalization_final_freeze/05_phase2_canonical_summary.md,5116f229c37e40e8505908061e48028c64e7f523a06124c17507d27c4a21ca84,True,V2C_RESULTS,CANONICAL,Student external generalization,Phase 2 publication-facing final freeze asset.
06_external_validation/phase2_student/final_freeze/06_G4_S2H_PHASE2_FINAL_FREEZE.json,PHASE2_STUDENT_EXTERNAL/g4-s2h_phase2_student_external_generalization_final_freeze/06_g4_s2h_phase2_final_freeze.json,12d7c9b43f2abd7a823e455cd01c432a0985c51d190bff44810f2336f8331c25,True,V2C_RESULTS,CANONICAL,Student external generalization,Phase 2 publication-facing final freeze asset.
06_external_validation/phase2_student/final_freeze/supporting/03_PHASE2_COVERAGE_TEACHER_INTERVENTION_CASES.jsonl,PHASE2_STUDENT_EXTERNAL/g4-s2h_phase2_student_external_generalization_final_freeze/03_phase2_coverage_teacher_intervention_cases.jsonl,43d47670d6a713c1a5988be96bafc1f7a9b53bf9f6fe000d085c49387f21d80a,True,V2C_RESULTS,SUPPORTING,Student external generalization,Supporting asset from Phase 2 final freeze.
06_external_validation/phase2_student/predictions/01_FROZEN_BLINDED_INFERENCE_MANIFEST.jsonl,PHASE2_STUDENT_EXTERNAL/g4-s2e_full_13401_student_external_inference/01_frozen_blinded_inference_manifest.jsonl,3e3c0653deabb194d4d3c37a6a0b7b2f2918c1f5cb1dbd2a259d1b35a8947a42,True,V2C_RESULTS,CANONICAL,"Full 13,401-sample Student external inference",Canonical blinded prediction / manifest / freeze asset.
06_external_validation/phase2_student/predictions/06_STUDENT_EXTERNAL_PREDICTIONS_BLINDED_CANONICAL_v1.jsonl,PHASE2_STUDENT_EXTERNAL/g4-s2e_full_13401_student_external_inference/06_student_external_predictions_blinded_canonical_v1.jsonl,5d561580052f6fe10342730fd4a0314a7df4e6959daff6f011b3a2c1766d8ba5,True,V2C_RESULTS,CANONICAL,"Full 13,401-sample Student external inference",Canonical blinded prediction / manifest / freeze asset.
06_external_validation/phase2_student/predictions/07_G4_S2E_INFERENCE_FINAL_FREEZE.json,PHASE2_STUDENT_EXTERNAL/g4-s2e_full_13401_student_external_inference/07_g4_s2e_inference_final_freeze.json,2307fd82705be8b20e9893e001a1a89c0faab14f0f8ef5fd1de429e5ef55761b,True,V2C_RESULTS,CANONICAL,"Full 13,401-sample Student external inference",Canonical blinded prediction / manifest / freeze asset.
06_external_validation/phase2_student/protocol/01_FROZEN_EXTERNAL_PROMPT.txt,PHASE2_STUDENT_EXTERNAL/g4-s2d-a_student_external_protocol_final_freeze/01_frozen_external_prompt.txt,567bf3b2caf85aedae9d768e89f5fa6aa5b2c5c8abbcc03f4ae2418634ba3a6c,True,V2C_RESULTS,CANONICAL,Student external inference protocol,Frozen prompt/chat-template protocol required for reproducibility.
06_external_validation/phase2_student/protocol/01_contract_audit.csv,PHASE2_STUDENT_EXTERNAL/g4-s2b-f2_canonical_evaluation_contract/01_contract_audit.csv,41a532364014bdf9e87c483f999facaaa66d09959de8d96bc0f3a1ef0e9e475e,True,V2C_RESULTS,SUPPORTING,External evaluation contract provenance,Supporting predecessor contract; final publication universe is represented by F4 9-set lock.
06_external_validation/phase2_student/protocol/02_FROZEN_RENDERED_CHAT_TEMPLATE.txt,PHASE2_STUDENT_EXTERNAL/g4-s2d-a_student_external_protocol_final_freeze/02_frozen_rendered_chat_template.txt,e868bbe35ca45d610c918961cffa1167f302e0bf13f2d9ec65a2774211479eed,True,V2C_RESULTS,CANONICAL,Student external inference protocol,Frozen prompt/chat-template protocol required for reproducibility.
06_external_validation/phase2_student/protocol/CLWD_controlled_CANONICAL_CONTRACT.jsonl,PHASE2_STUDENT_EXTERNAL/g4-s2b-f2_canonical_evaluation_contract/clwd_controlled_canonical_contract.jsonl,e4e574a2af6e74af4750493eafffee9ecbb540c8ea5549db865b3a6f869c6c78,True,V2C_RESULTS,SUPPORTING,External evaluation contract provenance,Supporting predecessor contract; final publication universe is represented by F4 9-set lock.
06_external_validation/phase2_student/protocol/COVERAGE200_CANONICAL_CONTRACT.jsonl,PHASE2_STUDENT_EXTERNAL/g4-s2b-f2_canonical_evaluation_contract/coverage200_canonical_contract.jsonl,77ab79d401bc38052970bb62b34821c3936a02d55b0fa79f00c21a21ccfa1f2c,True,V2C_RESULTS,SUPPORTING,External evaluation contract provenance,Supporting predecessor contract; final publication universe is represented by F4 9-set lock.
06_external_validation/phase2_student/protocol/G4_S2B_F2_CANONICAL_EVALUATION_CONTRACT_FREEZE.json,PHASE2_STUDENT_EXTERNAL/g4-s2b-f2_canonical_evaluation_contract/g4_s2b_f2_canonical_evaluation_contract_freeze.json,542c6835112af35dbac0836797fd0c98945e553fb6ff9417bf05819471889bb0,True,V2C_RESULTS,SUPPORTING,External evaluation contract provenance,Supporting predecessor contract; final publication universe is represented by F4 9-set lock.
06_external_validation/phase2_student/protocol/G4_S2D_A_STUDENT_EXTERNAL_PROTOCOL_FINAL_FREEZE.json,PHASE2_STUDENT_EXTERNAL/g4-s2d-a_student_external_protocol_final_freeze/g4_s2d_a_student_external_protocol_final_freeze.json,2cb81a721ff25bb37946670da8e885b30b0706d2436a0b86908ce391274c05c6,True,V2C_RESULTS,CANONICAL,Student external inference protocol,Frozen prompt/chat-template protocol required for reproducibility.
06_external_validation/phase2_student/protocol/IMD2020_CANONICAL_CONTRACT.jsonl,PHASE2_STUDENT_EXTERNAL/g4-s2b-f2_canonical_evaluation_contract/imd2020_canonical_contract.jsonl,bc025f001c0cc32a841d0b2b7baa46c8b87930819ff1b675601b01dc36d5061d,True,V2C_RESULTS,SUPPORTING,External evaluation contract provenance,Supporting predecessor contract; final publication universe is represented by F4 9-set lock.
06_external_validation/phase2_student/protocol/INRIA_Copydays_CANONICAL_CONTRACT.jsonl,PHASE2_STUDENT_EXTERNAL/g4-s2b-f2_canonical_evaluation_contract/inria_copydays_canonical_contract.jsonl,d37e5a53081728fc1fc32da2e82f3743945425dff14c4dbbcd43cc16a75806fd,True,V2C_RESULTS,SUPPORTING,External evaluation contract provenance,Supporting predecessor contract; final publication universe is represented by F4 9-set lock.
06_external_validation/phase2_student/protocol/ISC2021_CANONICAL_CONTRACT.jsonl,PHASE2_STUDENT_EXTERNAL/g4-s2b-f2_canonical_evaluation_contract/isc2021_canonical_contract.jsonl,e0f79d02d8efc768595addc55e17e1e657d3ceaa91925d1553dfa998d552dcc5,True,V2C_RESULTS,SUPPORTING,External evaluation contract provenance,Supporting predecessor contract; final publication universe is represented by F4 9-set lock.
06_external_validation/phase2_student/protocol/LVW_CANONICAL_CONTRACT.jsonl,PHASE2_STUDENT_EXTERNAL/g4-s2b-f2_canonical_evaluation_contract/lvw_canonical_contract.jsonl,a4a9c697a506f41195c861d464dc68ef772e8d3d79e561463cbb590170c816f3,True,V2C_RESULTS,SUPPORTING,External evaluation contract provenance,Supporting predecessor contract; final publication universe is represented by F4 9-set lock.
06_external_validation/phase2_student/protocol/Waterloo_CANONICAL_CONTRACT.jsonl,PHASE2_STUDENT_EXTERNAL/g4-s2b-f2_canonical_evaluation_contract/waterloo_canonical_contract.jsonl,bf417ebd7207988f873aa6f711776e90d4674783d2f14aa1b38d8fe592448488,True,V2C_RESULTS,SUPPORTING,External evaluation contract provenance,Supporting predecessor contract; final publication universe is represented by F4 9-set lock.
06_external_validation/phase2_student/protocol/provenance/G4_S2B_R_CANONICAL_ASSET_RESOLUTION.json,PHASE2_STUDENT_EXTERNAL/g4-s2b-r_report_guided_asset_resolution/g4_s2b_r_canonical_asset_resolution.json,da68fed9101612a12d3bd488abf5a65671b45d94c45da98a91f9318f5918d728,True,V2C_RESULTS,SUPPORTING,,No explicit canonical rule matched. Must be reviewed before Release Builder.
06_external_validation/phase2_student/protocol/visual_memory_guard/01_full_image_guard_impact.csv,PHASE2_STUDENT_EXTERNAL/g4-s2d-c2_visual_memory_guard_final_freeze/01_full_image_guard_impact.csv,16465edb75d977c0191fb908f0fdd11dc77906b0420ced0be6654a084ce995fb,True,V2C_RESULTS,SUPPORTING,Student visual-memory guard,Frozen protocol-supporting evidence.
06_external_validation/phase2_student/protocol/visual_memory_guard/G4_S2D_C2_VISUAL_MEMORY_GUARD_FINAL_FREEZE.json,PHASE2_STUDENT_EXTERNAL/g4-s2d-c2_visual_memory_guard_final_freeze/g4_s2d_c2_visual_memory_guard_final_freeze.json,3e8e310cc623a7fd7c86265d2bf2565390b7071520cd96121a9d285e61eebc97,True,V2C_RESULTS,SUPPORTING,Student visual-memory guard,Frozen protocol-supporting evidence.
06_external_validation/phase2_student/statistics/01_student_external_metrics_with_95CI.csv,PHASE2_STUDENT_EXTERNAL/g4-s2g-b_final_statistical_boundary_confirmation/01_student_external_metrics_with_95ci.csv,ebf791092f7d782d71157e5e9f20021a525b88c4fd44720e20f5f6f1cedf98d3,True,V2C_RESULTS,CANONICAL,Student boundary statistical confirmation,Final statistical boundary confirmation.
06_external_validation/phase2_student/statistics/01_student_to_gold_per_setting.csv,PHASE2_STUDENT_EXTERNAL/g4-s2f-a_student_core_statistical_evaluation/01_student_to_gold_per_setting.csv,38a78445816faec07535cf59d2f8e8b6d74b5e0b42c826690975101fbc04674c,True,V2C_RESULTS,CANONICAL,Student-vs-PRF statistical evaluation,Publication-facing Student statistical evaluation asset.
06_external_validation/phase2_student/statistics/02_routed_boundary_association.csv,PHASE2_STUDENT_EXTERNAL/g4-s2g-b_final_statistical_boundary_confirmation/02_routed_boundary_association.csv,f57226f8710d7fd8bf2c7c3b9bbf514aa986b7830be47113ba909f0214d16075,True,V2C_RESULTS,CANONICAL,Student boundary statistical confirmation,Final statistical boundary confirmation.
06_external_validation/phase2_student/statistics/02_student_to_prf_fidelity_per_setting.csv,PHASE2_STUDENT_EXTERNAL/g4-s2f-a_student_core_statistical_evaluation/02_student_to_prf_fidelity_per_setting.csv,58110e4428ab1ff8e51d845d29c8e8545f9f69a85b2d576d7b2422484e106696,True,V2C_RESULTS,CANONICAL,Student-vs-PRF statistical evaluation,Publication-facing Student statistical evaluation asset.
06_external_validation/phase2_student/statistics/03_G4_S2G_B_FINAL_STATISTICAL_BOUNDARY_FREEZE.json,PHASE2_STUDENT_EXTERNAL/g4-s2g-b_final_statistical_boundary_confirmation/03_g4_s2g_b_final_statistical_boundary_freeze.json,c70cfedfee1017fe99791fd152f41dcc8fc3ef657ce3f59423ee1027fb15ba15,True,V2C_RESULTS,CANONICAL,Student boundary statistical confirmation,Final statistical boundary confirmation.
06_external_validation/phase2_student/statistics/03_student_vs_prf_mcnemar_per_setting.csv,PHASE2_STUDENT_EXTERNAL/g4-s2f-a_student_core_statistical_evaluation/03_student_vs_prf_mcnemar_per_setting.csv,6c2b121561bfad40ba3a6203b4432ea6b925f7f550aabd5b28809b8326b2893a,True,V2C_RESULTS,CANONICAL,Student-vs-PRF statistical evaluation,Publication-facing Student statistical evaluation asset.
06_external_validation/phase2_student/statistics/04_gold_vs_student_confusion_long.csv,PHASE2_STUDENT_EXTERNAL/g4-s2f-a_student_core_statistical_evaluation/04_gold_vs_student_confusion_long.csv,53473615210ecbc65a857ccebeea5203246e95d92094dc813bf284ab79ebed84,True,V2C_RESULTS,CANONICAL,Student-vs-PRF statistical evaluation,Publication-facing Student statistical evaluation asset.
06_external_validation/phase2_student/statistics/05_prf_vs_student_confusion_long.csv,PHASE2_STUDENT_EXTERNAL/g4-s2f-a_student_core_statistical_evaluation/05_prf_vs_student_confusion_long.csv,bea92ddb01cfcc57d224d8e069441fe86124498a88754f20097bb6bdbfdebbdc,True,V2C_RESULTS,CANONICAL,Student-vs-PRF statistical evaluation,Publication-facing Student statistical evaluation asset.
06_external_validation/phase2_student/statistics/06_STUDENT_EXTERNAL_EVALUATION_JOINED_v1.jsonl,PHASE2_STUDENT_EXTERNAL/g4-s2f-a_student_core_statistical_evaluation/06_student_external_evaluation_joined_v1.jsonl,98be03505575b5cfdc995a16a6bf511ffedc61a1635837bf9d3d412e811c73d3,True,V2C_RESULTS,CANONICAL,Student-vs-PRF statistical evaluation,Publication-facing Student statistical evaluation asset.
06_external_validation/phase2_student/statistics/07_G4_S2F_A_CORE_STATISTICAL_EVALUATION_FREEZE.json,PHASE2_STUDENT_EXTERNAL/g4-s2f-a_student_core_statistical_evaluation/07_g4_s2f_a_core_statistical_evaluation_freeze.json,b731f4a5264a2bcc5463e2db548a3bdd156a2e14976f0a1f009a057b73daf8f3,True,V2C_RESULTS,CANONICAL,Student-vs-PRF statistical evaluation,Publication-facing Student statistical evaluation asset.
07_boundary_repair/confirmatory/P3_E7_TEST2000_FINAL_SUMMARY.csv,PHASE3_BOUNDARY_REPAIR/p3-e7_test2000_confirmatory/p3_e7_test2000_final_summary.csv,e441df8f54347dc235fb32d0d3c87a7e5ff3ee2f32df55261ff40901ba5e9f87,True,V2C_RESULTS,SUPPORTING,Boundary repair confirmatory evaluation,Supporting confirmatory evidence beneath P3-E9 canonical freeze.
07_boundary_repair/confirmatory/P3_E7_TEST2000_FINAL_SUMMARY.json,PHASE3_BOUNDARY_REPAIR/p3-e7_test2000_confirmatory/p3_e7_test2000_final_summary.json,c0a8846f5d53dc0fed8fd1984d7a94176a2b06d919e901b45d631e703c5017ea,True,V2C_RESULTS,SUPPORTING,Boundary repair confirmatory evaluation,Supporting confirmatory evidence beneath P3-E9 canonical freeze.
07_boundary_repair/confirmatory/P3_E8_EXTERNAL12921_FINAL_FREEZE.json,PHASE3_BOUNDARY_REPAIR/p3-e8_external12921_confirmatory/p3_e8_external12921_final_freeze.json,6162dfbb4decd9a7ac12621c0fbd59e23a3aa3eac00d7e4e1d1b817ed61966de,True,V2C_RESULTS,SUPPORTING,Boundary repair confirmatory evaluation,Supporting confirmatory evidence beneath P3-E9 canonical freeze.
07_boundary_repair/final_adapter/adapter_config.json,PHASE3_BOUNDARY_REPAIR/p3-e2_formal2000_prior_restored/final_adapter/adapter_config.json,0a05c560cbd6d40bf0ccc2f1f070b50da3e759504406fe27fc4e115c8d0e5c79,True,V2A_LORA,CANONICAL,boundary_repaired_student,Exact final-adapter parent match.
07_boundary_repair/final_adapter/adapter_model.safetensors,PHASE3_BOUNDARY_REPAIR/p3-e2_formal2000_prior_restored/final_adapter/adapter_model.safetensors,e9910d503b12af2403e998f5711fff8328ab7c11de32ed0a4ab35a9668adb971,True,V2A_LORA,CANONICAL,boundary_repaired_student,Exact final-adapter parent match.
07_boundary_repair/final_freeze/P3_E9_PHASE3_CANONICAL_ASSET_MANIFEST.json,PHASE3_BOUNDARY_REPAIR/p3-e9_phase3_canonical_final_freeze/p3_e9_phase3_canonical_asset_manifest.json,78d7d00f31a26f5e58d9313c0e3a2d97d371a04cf7685b7ae6a45bd09c3483bb,True,V2C_RESULTS,CANONICAL,Boundary-repaired Student final results,Phase 3 canonical publication-facing final freeze.
07_boundary_repair/final_freeze/P3_E9_PHASE3_CANONICAL_RESULTS.json,PHASE3_BOUNDARY_REPAIR/p3-e9_phase3_canonical_final_freeze/p3_e9_phase3_canonical_results.json,bbdb0515e41e92da8e796afba28307a5e93a68af8d286f828c8fd5db95829ad3,True,V2C_RESULTS,CANONICAL,Boundary-repaired Student final results,Phase 3 canonical publication-facing final freeze.
07_boundary_repair/final_freeze/P3_E9_PHASE3_FINAL_FREEZE.json,PHASE3_BOUNDARY_REPAIR/p3-e9_phase3_canonical_final_freeze/p3_e9_phase3_final_freeze.json,872ffd0b219cc29c3677cebb652f8ed2f11d8d52a17f168dd765c42e5ed00370,True,V2C_RESULTS,CANONICAL,Boundary-repaired Student final results,Phase 3 canonical publication-facing final freeze.
07_boundary_repair/model_selection/P3_E5_FROZEN_SELECTION_RESULT.json,PHASE3_BOUNDARY_REPAIR/p3-e5_val1000_step_selection/p3_e5_frozen_selection_result.json,811b261a3277aba28c1135c41deda323ff9b1697c4701e5658f278529676635c,True,V2C_RESULTS,SUPPORTING,Boundary repair checkpoint selection,Frozen validation-based checkpoint selection.
07_boundary_repair/training/P3_E2_FORMAL2000_CANONICAL_LOG.jsonl,PHASE3_BOUNDARY_REPAIR/p3-e2_formal2000_prior_restored/p3_e2_formal2000_canonical_log.jsonl,4c831cddc02fd05044a1c0512367fd31fbce3f032ec20222d6074ce04217d34a,True,V2C_RESULTS,SUPPORTING,Boundary repair training trace,Canonical formal-training log.
07_boundary_repair/training_audit/P3_B_R1_summary.json,PHASE3_BOUNDARY_REPAIR/p3-b-r1_canonical_training_asset_audit/p3_b_r1_summary.json,309b4fdda48004132de0629e10fe62d620aadbd76222c075848d22acaffc56d6,True,V2C_RESULTS,SUPPORTING,Boundary repair training provenance,Canonical training-asset audit.
07_boundary_repair/training_audit/P3_B_R1_text_loss_hits.json,PHASE3_BOUNDARY_REPAIR/p3-b-r1_canonical_training_asset_audit/p3_b_r1_text_loss_hits.json,7fd7cc319383a13770347a10e34c5793e8898f877616e1c21d8c791e60fc98f4,True,V2C_RESULTS,SUPPORTING,Boundary repair training provenance,Canonical training-asset audit.
07_boundary_repair/training_audit/P3_B_R1_trainer_state_details.json,PHASE3_BOUNDARY_REPAIR/p3-b-r1_canonical_training_asset_audit/p3_b_r1_trainer_state_details.json,4f53cda18c2baa0c0354bb5f9a3ecbe5ed12ab4d8e11ba873c2f11161202b945,True,V2C_RESULTS,SUPPORTING,Boundary repair training provenance,Canonical training-asset audit.
07_boundary_repair/training_audit/P3_B_R1_training_asset_inventory.csv,PHASE3_BOUNDARY_REPAIR/p3-b-r1_canonical_training_asset_audit/p3_b_r1_training_asset_inventory.csv,962b1cd928dc8af4898e0d03b63152c4e1ea374154fe42405b5ad6db64405df6,True,V2C_RESULTS,SUPPORTING,Boundary repair training provenance,Canonical training-asset audit.
07_boundary_repair/training_audit/P3_B_R1_training_asset_inventory.json,PHASE3_BOUNDARY_REPAIR/p3-b-r1_canonical_training_asset_audit/p3_b_r1_training_asset_inventory.json,5b27c5971ca63f5fe2a59b60f04ec5b362f333a6c8ec4329f652a7e6248d7aa1,True,V2C_RESULTS,SUPPORTING,Boundary repair training provenance,Canonical training-asset audit.
08_revision_experiments/A_adaptive_comparator/03_P4_A2R1_CANONICAL_VS_ADAPTIVE_PER_SETTING.csv,PHASE4_REVISION/p4-a2r1_label_free_adaptive_comparator/03_p4_a2r1_canonical_vs_adaptive_per_setting.csv,243c82760ec2d9afd0a53a6541968d16051b805faf776596a0af22747d0894e8,True,V2C_RESULTS,CANONICAL,Label-free adaptive A comparator,Final adaptive comparator analysis.
08_revision_experiments/A_adaptive_comparator/04_P4_A2R1_FINAL_SUMMARY.json,PHASE4_REVISION/p4-a2r1_label_free_adaptive_comparator/04_p4_a2r1_final_summary.json,90c450dab946891387ce14303986aed58abb391639f778551dc62de4c7d3d9b2,True,V2C_RESULTS,CANONICAL,Label-free adaptive A comparator,Final adaptive comparator analysis.
08_revision_experiments/A_adaptive_comparator/05_P4_A2R1_FINAL_FREEZE.json,PHASE4_REVISION/p4-a2r1_label_free_adaptive_comparator/05_p4_a2r1_final_freeze.json,765119b830a691d475c0deb7d443cec51e90f02b8a3a9d819db0c7e71accddde,True,V2C_RESULTS,CANONICAL,Label-free adaptive A comparator,Final adaptive comparator analysis.
08_revision_experiments/A_threshold_sensitivity/01_P4_A1R1_SOURCE_IDENTITY_AUDIT.csv,PHASE4_REVISION/p4-a1r1_definitive_9set_a_threshold_sensitivity/01_p4_a1r1_source_identity_audit.csv,d6b43f93d45d9af9db56237a708ca88441ba7fc7329a48f664ee4e15ff5a5aa1,True,V2C_RESULTS,CANONICAL,A-module threshold sensitivity,Definitive 9-set A-threshold analysis.
08_revision_experiments/A_threshold_sensitivity/07_P4_A1R1_FINAL_AUDIT.json,PHASE4_REVISION/p4-a1r1_definitive_9set_a_threshold_sensitivity/07_p4_a1r1_final_audit.json,20a16f9ea5e97d9b4d619a61cad1d5905fa1a7ac59f18a67a5fd69bbb2f5abc3,True,V2C_RESULTS,CANONICAL,A-module threshold sensitivity,Definitive 9-set A-threshold analysis.
08_revision_experiments/A_threshold_sensitivity/08_P4_A1R1_FINAL_FREEZE.json,PHASE4_REVISION/p4-a1r1_definitive_9set_a_threshold_sensitivity/08_p4_a1r1_final_freeze.json,764fc2fc4d31a0541229cd6f22ddc7efd9e978b0f87f7aac9315a283ebf6b916,True,V2C_RESULTS,CANONICAL,A-module threshold sensitivity,Definitive 9-set A-threshold analysis.
08_revision_experiments/A_threshold_sensitivity/P4_A1R1_9SET_CANONICAL_A_SIMILARITY_MASTER.jsonl,PHASE4_REVISION/p4-a1r1_definitive_9set_a_threshold_sensitivity/p4_a1r1_9set_canonical_a_similarity_master.jsonl,b9934c75a54e30173b323090d7deed50885371aac10866a7a740919d3d24bdbf,True,V2C_RESULTS,CANONICAL,A-module threshold sensitivity,Definitive 9-set A-threshold analysis.
08_revision_experiments/C_gate_sensitivity/01_P4_C1_C_SOURCE_AUDIT.csv,PHASE4_REVISION/p4-c1_c_delta_threshold_sensitivity/01_p4_c1_c_source_audit.csv,4a5dc94aa75b3f389e6ae43a3e97e9c9312d36f0184d68021148a1af641389ea,True,V2C_RESULTS,CANONICAL,C-module strong-evidence threshold sensitivity,Canonical C sensitivity analysis.
08_revision_experiments/C_gate_sensitivity/02_P4_C1_CANONICAL_C_MASTER_13401.jsonl,PHASE4_REVISION/p4-c1_c_delta_threshold_sensitivity/02_p4_c1_canonical_c_master_13401.jsonl,6ecf3fc27b2aa322ed6ed52b6bb339127df014fd16d5efdeba43b0ad067febd5,True,V2C_RESULTS,CANONICAL,C-module strong-evidence threshold sensitivity,Canonical C sensitivity analysis.
08_revision_experiments/C_gate_sensitivity/06_P4_C1_FINAL_SUMMARY.json,PHASE4_REVISION/p4-c1_c_delta_threshold_sensitivity/06_p4_c1_final_summary.json,1837a625dbea30fb597fe3f04d0e82a4260397e0ae62f771e7cc549908cf6749,True,V2C_RESULTS,CANONICAL,C-module strong-evidence threshold sensitivity,Canonical C sensitivity analysis.
08_revision_experiments/C_gate_sensitivity/07_P4_C1_FINAL_FREEZE.json,PHASE4_REVISION/p4-c1_c_delta_threshold_sensitivity/07_p4_c1_final_freeze.json,a76fb39a81256968e972213f105a6edad70e00613b9d2418eb0d67d0589aac8c,True,V2C_RESULTS,CANONICAL,C-module strong-evidence threshold sensitivity,Canonical C sensitivity analysis.
08_revision_experiments/computational_efficiency/01_P4_E2_STAGE_COST_TABLE.csv,PHASE4_REVISION/p4-e2_final_efficiency_consolidation/01_p4_e2_stage_cost_table.csv,f5c3a7e79f4145420bb85829495d64d2a79829166b0a891aae528e48910a660a,True,V2C_RESULTS,CANONICAL,Computational efficiency,Final consolidated efficiency evidence.
08_revision_experiments/computational_efficiency/02_P4_E2_EXPECTED_COST_DECOMPOSITION.csv,PHASE4_REVISION/p4-e2_final_efficiency_consolidation/02_p4_e2_expected_cost_decomposition.csv,7a8fd8bf2cc6cd00dea05f8610b8e89c8e1d453ffa7930a096e3a6bb19364c45,True,V2C_RESULTS,CANONICAL,Computational efficiency,Final consolidated efficiency evidence.
08_revision_experiments/computational_efficiency/03_P4_E2_A_NUMERICAL_BOUNDARY_AUDIT.json,PHASE4_REVISION/p4-e2_final_efficiency_consolidation/03_p4_e2_a_numerical_boundary_audit.json,06a01caf1afcafa685459794c7287a0802c4e3ea9f753964cb855827abed4012,True,V2C_RESULTS,CANONICAL,Computational efficiency,Final consolidated efficiency evidence.
08_revision_experiments/computational_efficiency/04_P4_E2_FINAL_EFFICIENCY_SUMMARY.json,PHASE4_REVISION/p4-e2_final_efficiency_consolidation/04_p4_e2_final_efficiency_summary.json,62e51ce8f667aaad8dbbcc84ad3d0cadd4d514b5cb6e2e84dddb76c905281c9a,True,V2C_RESULTS,CANONICAL,Computational efficiency,Final consolidated efficiency evidence.
08_revision_experiments/computational_efficiency/05_P4_E2_FINAL_FREEZE.json,PHASE4_REVISION/p4-e2_final_efficiency_consolidation/05_p4_e2_final_freeze.json,acb151fa23f8ce011582455705cb7a73f09b1f01f534dffd2dd73f7b01a533f8,True,V2C_RESULTS,CANONICAL,Computational efficiency,Final consolidated efficiency evidence.
08_revision_experiments/computational_efficiency/component_latency/03_P4_E1A_FINAL_SUMMARY.json,PHASE4_REVISION/p4-e1a_clip_latency/03_p4_e1a_final_summary.json,b4a5bec18d3ccac8ae8e7bece4393f1344a3b59a34875c1e7a1dc9529b896f29,True,V2C_RESULTS,SUPPORTING,Computational efficiency,Component-level latency evidence supporting final E2 consolidation.
08_revision_experiments/computational_efficiency/component_latency/03_P4_E1D_R1_LATENCY_SUMMARY.csv,PHASE4_REVISION/p4-e1d_30b_teacher_latency_r1/03_p4_e1d_r1_latency_summary.csv,2a58cd93ecb59a00bbe4ec942e253c5c3854404a9f912c0f80bb50447ec1e486,True,V2C_RESULTS,SUPPORTING,Computational efficiency,Component-level latency evidence supporting final E2 consolidation.
08_revision_experiments/computational_efficiency/component_latency/04_P4_E1A_LATENCY_SUMMARY.csv,PHASE4_REVISION/p4-e1a_clip_latency/04_p4_e1a_latency_summary.csv,e8ab20fa77adc5982b87b76e1b2255ce1115e70f7880dc5969b8bf4033f0a0f7,True,V2C_RESULTS,SUPPORTING,Computational efficiency,Component-level latency evidence supporting final E2 consolidation.
08_revision_experiments/computational_efficiency/component_latency/04_P4_E1D_R1_FINAL_SUMMARY.json,PHASE4_REVISION/p4-e1d_30b_teacher_latency_r1/04_p4_e1d_r1_final_summary.json,84f844cb1ad7d78c9d4ac9787a6c28e5e0617d2062d777e342856e829da2a8e1,True,V2C_RESULTS,SUPPORTING,Computational efficiency,Component-level latency evidence supporting final E2 consolidation.
08_revision_experiments/computational_efficiency/component_latency/05_P4_E1A_FINAL_FREEZE.json,PHASE4_REVISION/p4-e1a_clip_latency/05_p4_e1a_final_freeze.json,f1dee122bbb652bb68017611ff5d132c2c246202c5cd6f4258c40df62b9af5f0,True,V2C_RESULTS,SUPPORTING,Computational efficiency,Component-level latency evidence supporting final E2 consolidation.
08_revision_experiments/computational_efficiency/component_latency/05_P4_E1BC_LATENCY_SUMMARY.csv,PHASE4_REVISION/p4-e1bc_8b_bc_latency/05_p4_e1bc_latency_summary.csv,fc8d51dd7a6266c73d775a900a8dc11321481ca95f9833709bbe25fae94e7a9b,True,V2C_RESULTS,SUPPORTING,Computational efficiency,Component-level latency evidence supporting final E2 consolidation.
08_revision_experiments/computational_efficiency/component_latency/05_P4_E1D_R1_FINAL_FREEZE.json,PHASE4_REVISION/p4-e1d_30b_teacher_latency_r1/05_p4_e1d_r1_final_freeze.json,f363e072e0a15966885543bf4affcf2d48cc10d8956ec66050bbd619ac55c591,True,V2C_RESULTS,SUPPORTING,Computational efficiency,Component-level latency evidence supporting final E2 consolidation.
08_revision_experiments/computational_efficiency/component_latency/06_P4_E1BC_FINAL_SUMMARY.json,PHASE4_REVISION/p4-e1bc_8b_bc_latency/06_p4_e1bc_final_summary.json,2f66f2cd0532c5e330a5087d3e140c1a4ee42bd9ca5c54d8841c826a912b6477,True,V2C_RESULTS,SUPPORTING,Computational efficiency,Component-level latency evidence supporting final E2 consolidation.
08_revision_experiments/computational_efficiency/component_latency/07_P4_E1BC_FINAL_FREEZE.json,PHASE4_REVISION/p4-e1bc_8b_bc_latency/07_p4_e1bc_final_freeze.json,8cc612a52b7e61f303dcd6e918982bc6362f8e17edb4d2f2495aaa4d662601c0,True,V2C_RESULTS,SUPPORTING,Computational efficiency,Component-level latency evidence supporting final E2 consolidation.
08_revision_experiments/topk_sensitivity/06_P4_B1R1_FINAL_SUMMARY.json,PHASE4_REVISION/p4-b1r1_exact_historical_ranking/06_p4_b1r1_final_summary.json,5b0b03fd4349314bf1dc68e3de54c2b95e2429398e5bf94365f908fe3b8ab287,True,V2C_RESULTS,CANONICAL,Candidate-ranking/top-k sensitivity,Exact historical-ranking sensitivity analysis.
08_revision_experiments/topk_sensitivity/07_P4_B1R1_FINAL_FREEZE.json,PHASE4_REVISION/p4-b1r1_exact_historical_ranking/07_p4_b1r1_final_freeze.json,73420d60827688a48feffc566791616a80b06977977f946b4e8337ca1286463b,True,V2C_RESULTS,CANONICAL,Candidate-ranking/top-k sensitivity,Exact historical-ranking sensitivity analysis.
08_revision_experiments/topk_sensitivity/provenance/P4_B0_CANDIDATE_GENERATION_ASSET_FREEZE.json,PHASE4_REVISION/p4-b0_candidate_generation_asset_audit/p4_b0_candidate_generation_asset_freeze.json,c115eba61e1f6222376658fc7352aa653630690cd2c188d63fe38b95675df135,True,V2C_RESULTS,SUPPORTING,Candidate-generation provenance,Frozen candidate-generation asset audit.
08_revision_experiments/weighted_fusion/01_P4_D1_DEV480_WEIGHT_FREEZE.json,PHASE4_REVISION/p4-d1_reliability_weighted_fusion/01_p4_d1_dev480_weight_freeze.json,cbe334a968a5e6055f228982f7b2424c0f1004e220609a518e994807f2902994,True,V2C_RESULTS,CANONICAL,Reliability-weighted fusion,Phase 4 weighted-fusion publication evidence.
08_revision_experiments/weighted_fusion/02_P4_D1_DEV480_RESULTS.csv,PHASE4_REVISION/p4-d1_reliability_weighted_fusion/02_p4_d1_dev480_results.csv,901382dc0f979f981043874afdee1ad879519765441113c3d5235545dec1a2ef,True,V2C_RESULTS,CANONICAL,Reliability-weighted fusion,Phase 4 weighted-fusion publication evidence.
08_revision_experiments/weighted_fusion/03_P4_D1_EXTERNAL12921_RESULTS.csv,PHASE4_REVISION/p4-d1_reliability_weighted_fusion/03_p4_d1_external12921_results.csv,fddb3a3483aa90802f2e6af877e0e23c94d4e8ce21cd0287ca71c1c0f25509b6,True,V2C_RESULTS,CANONICAL,Reliability-weighted fusion,Phase 4 weighted-fusion publication evidence.
08_revision_experiments/weighted_fusion/06_P4_D1_B_CONFIDENCE_DEV_CALIBRATION_AUDIT.csv,PHASE4_REVISION/p4-d1_reliability_weighted_fusion/06_p4_d1_b_confidence_dev_calibration_audit.csv,f9bc7bf8f5c57313ef3ff5622446610da38d61a8c4c0226e2d3a2550389a4dfe,True,V2C_RESULTS,CANONICAL,Reliability-weighted fusion,Phase 4 weighted-fusion publication evidence.
08_revision_experiments/weighted_fusion/08_P4_D1_FINAL_SUMMARY.json,PHASE4_REVISION/p4-d1_reliability_weighted_fusion/08_p4_d1_final_summary.json,b66cd58a9b8939524dbfbb79049e2534f9171cab20e3f3ecc02a1f6b7a1977df,True,V2C_RESULTS,CANONICAL,Reliability-weighted fusion,Phase 4 weighted-fusion publication evidence.
08_revision_experiments/weighted_fusion/09_P4_D1_FINAL_FREEZE.json,PHASE4_REVISION/p4-d1_reliability_weighted_fusion/09_p4_d1_final_freeze.json,5b533b86ac282d180bc22058867ee79592b7ba59488ce3eb3c143953d740f6a5,True,V2C_RESULTS,CANONICAL,Reliability-weighted fusion,Phase 4 weighted-fusion publication evidence.
08_revision_experiments/weighted_fusion/B_confidence/02_P4_D0_B_CONFIDENCE_MASTER_13401.jsonl,PHASE4_REVISION/p4-d0_b_confidence_asset_audit/02_p4_d0_b_confidence_master_13401.jsonl,d5c427a65e257d7f231b8b065d9feb4309168262cfedd86db266d204956fecab,True,V2C_RESULTS,SUPPORTING,B confidence calibration input,B-confidence audit/master supporting weighted fusion.
08_revision_experiments/weighted_fusion/B_confidence/03_P4_D0_FINAL_SUMMARY.json,PHASE4_REVISION/p4-d0_b_confidence_asset_audit/03_p4_d0_final_summary.json,7404e1007280e0f541b2d6467ff05276e596417f8302588931e8da3cef9cc5c6,True,V2C_RESULTS,SUPPORTING,B confidence calibration input,B-confidence audit/master supporting weighted fusion.
08_revision_experiments/weighted_fusion/B_confidence/04_P4_D0_FINAL_FREEZE.json,PHASE4_REVISION/p4-d0_b_confidence_asset_audit/04_p4_d0_final_freeze.json,ea5c100ecb103f1d9dfb19013e056f698caa95c3e55f17262f4a336119f3eb24,True,V2C_RESULTS,SUPPORTING,B confidence calibration input,B-confidence audit/master supporting weighted fusion.
09_representation_baselines/dinov2_base_metrics_v1.json,FULL_PRF_HISTORY/yl/sota/outputs/dinov2_base_metrics_v1.json,95c6c3c185953781a6427e1f618a960989eff7e6d71b4f868f419be6ed581ad0,True,V2C_RESULTS,CANONICAL,Representation-model baselines,Representation/SOTA baseline evaluation evidence.
09_representation_baselines/eva02_base_clip_224_metrics_v1.json,FULL_PRF_HISTORY/yl/sota/outputs/eva02_base_clip_224_metrics_v1.json,f3ade0b6998d029abc0da18425d762005b24c569ecfcbfc0066f60b624f837c0,True,V2C_RESULTS,CANONICAL,Representation-model baselines,Representation/SOTA baseline evaluation evidence.
09_representation_baselines/representation_model_baseline_metrics_matched_coverage_v1.csv,FULL_PRF_HISTORY/yl/sota/outputs/representation_model_baseline_metrics_matched_coverage_v1.csv,0b1884d8a2c065bdc47116df05e3fd1968a4f2516c2dedba92d394b35014f5bb,True,V2C_RESULTS,CANONICAL,Representation-model baselines,Representation/SOTA baseline evaluation evidence.
09_representation_baselines/representation_model_baseline_metrics_matched_coverage_v1.json,FULL_PRF_HISTORY/yl/sota/outputs/representation_model_baseline_metrics_matched_coverage_v1.json,2e0f6ed84ab11ed9da01cf9ad4fbc4616469834d845bed008ba8104de7f87dda,True,V2C_RESULTS,CANONICAL,Representation-model baselines,Representation/SOTA baseline evaluation evidence.
09_representation_baselines/representation_model_baseline_metrics_v1.csv,FULL_PRF_HISTORY/yl/sota/outputs/representation_model_baseline_metrics_v1.csv,2b9540f6faabe8ea9f11ceae75a44cfe3a58fdb285c00950b63ab5d7508c215a,True,V2C_RESULTS,CANONICAL,Representation-model baselines,Representation/SOTA baseline evaluation evidence.
09_representation_baselines/siglip2_base_patch16_224_metrics_v1.json,FULL_PRF_HISTORY/yl/sota/outputs/siglip2_base_patch16_224_metrics_v1.json,5fc89ae5dd9faae03c38c210c74b05bf414cf78e76a74f1a6bd87acc6895c34f,True,V2C_RESULTS,CANONICAL,Representation-model baselines,Representation/SOTA baseline evaluation evidence.
09_representation_baselines/sota_baseline_metrics_complete_v1.csv,FULL_PRF_HISTORY/yl/sota/outputs/sota_baseline_metrics_complete_v1.csv,884e561f3012c4d4ac8ba3cdd28a2c0f59f3011b10681a22e518fe56608faea3,True,V2C_RESULTS,CANONICAL,Representation-model baselines,Representation/SOTA baseline evaluation evidence.
09_representation_baselines/sota_baseline_metrics_complete_v1.json,FULL_PRF_HISTORY/yl/sota/outputs/sota_baseline_metrics_complete_v1.json,0754890ce65e49d406fdc0081e0b2567ed6b4dee91b326c63bbfdbdbc2851e5e,True,V2C_RESULTS,CANONICAL,Representation-model baselines,Representation/SOTA baseline evaluation evidence.
09_representation_baselines/sota_baseline_stratified_metrics_v1.csv,FULL_PRF_HISTORY/yl/sota/outputs/sota_baseline_stratified_metrics_v1.csv,1cf52c5f765e4a4c3309f352cea687f709c4f0f54bf529d482c6e84060e78a7b,True,V2C_RESULTS,CANONICAL,Representation-model baselines,Representation/SOTA baseline evaluation evidence.
09_representation_baselines/sota_baseline_stratified_metrics_v1.json,FULL_PRF_HISTORY/yl/sota/outputs/sota_baseline_stratified_metrics_v1.json,7e8df56ec98ca3f1e1cb47b231c9826a443beb6e8fe6e5b33a46b56d8a314fa9,True,V2C_RESULTS,CANONICAL,Representation-model baselines,Representation/SOTA baseline evaluation evidence.
09_representation_baselines/sota_baseline_stratified_metrics_v2.csv,FULL_PRF_HISTORY/yl/sota/outputs/sota_baseline_stratified_metrics_v2.csv,1224164c4fe9dabfa75ac169e83c4db9980e438648cbc87069e338e56fc4f0ff,True,V2C_RESULTS,CANONICAL,Representation-model baselines,Representation/SOTA baseline evaluation evidence.
