dataset,path,sim_field,rows,expected_n,matched_n,coverage,sha256,expected_sha256,sha_check,stored_vote_n,stored_vote_consistency,join_methods
PIPAL,<PHASE1_EXTERNAL_ROOT>\02_external_validation\G3D_PIPAL\01_manifest\PIPAL_D1_challenge1000_pairs_v1.csv,clip_similarity,2000,2000,2000,1.0,4c0bf8dfbdf2d652b21a21b55a7a1685d23a000e977d157c39831192c0026f79,4c0bf8dfbdf2d652b21a21b55a7a1685d23a000e977d157c39831192c0026f79,True,2000,1.0,"{""pair_id"": 2000}"
LIVE,<PHASE1_EXTERNAL_ROOT>\02_external_validation\G3F_LIVE_Multiply\01_manifest\LIVE_Multiply_primary_pairs_v1.csv,clip_similarity,810,810,810,1.0,3f976711bacf93c4a90cc90bf621e7dbe188fe8ba0f246c9ece9b70ed366587e,3f976711bacf93c4a90cc90bf621e7dbe188fe8ba0f246c9ece9b70ed366587e,True,810,1.0,"{""pair_id"": 810}"
Waterloo,<PHASE1_EXTERNAL_ROOT>\02_external_validation\G3E_Waterloo\02_prf_full\waterloo_A_clip_v1.jsonl,clip_similarity,4000,3999,3999,1.0,b0031dfc9daf49170864e8310f53256c4cc0db8f04cc152f0721b7700b6a78a5,,True,3999,1.0,"{""pair_id"": 3999}"
INRIA_Copydays,<PHASE1_EXTERNAL_ROOT>\02_external_validation\G3G_INRIA_COVERAGE\02_prf_inria\INRIA_A_clip_pairs_v1.jsonl,clip_similarity,3284,3284,3284,1.0,d371b965c33d8fa9f675ca9dc088d2567c64f5ae99dca7a73c7c9127c19bcc3f,,True,3284,1.0,"{""pair_id"": 3284}"
COVERAGE200,<PHASE1_EXTERNAL_ROOT>\02_external_validation\G3G_INRIA_COVERAGE\99_final_closure\A_clip_recomputed_v1.jsonl,clip_similarity,200,200,200,1.0,4ac0ddcfbd63132da869705fb05f2a24a1a1b0fb234533a061425303ca1ffd3b,4ac0ddcfbd63132da869705fb05f2a24a1a1b0fb234533a061425303ca1ffd3b,True,200,1.0,"{""pair_id"": 200}"
ISC2021,<PHASE1_EXTERNAL_ROOT>\02_external_validation\G3I_ISC2021\02_prf_activation\ISC2021_C_noise_maskclip_v4.jsonl,manifest_raw_clip_similarity,200,200,200,1.0,3e7dd058b489a95e907b39147096b056dd82f22afcd7786c4d547ca3a65986a4,,True,0,,"{""pair_id"": 200}"
CLWD_controlled,<PHASE1_EXTERNAL_ROOT>\02_external_validation\G3J_CLWD\01_shared_watermark_dev\02_prf_dev80\CLWD_DEV80_A_clip_pairs_v1.jsonl,clip_similarity,80,80,80,1.0,a9576143a65b1e27e3c9bcb8b84b3b8d3535a129b83aa534ba9c20e861dfec4f,,True,80,1.0,"{""pair_id"": 80}"
LVW,<PHASE1_EXTERNAL_ROOT>\02_external_validation\G3K_LVW\02_A\LVW_A_v1.jsonl,clip_similarity,2000,2000,2000,1.0,4f5ca85c940042359f9142138b69bc05a2e8087119cf7c141bc8783bdfd73883,4f5ca85c940042359f9142138b69bc05a2e8087119cf7c141bc8783bdfd73883,True,2000,1.0,"{""pair_id"": 2000}"
IMD2020,<PHASE1_EXTERNAL_ROOT>\02_external_validation\G3L_IMD2020\02_A\IMD2020_A_v1.jsonl,clip_similarity,828,828,828,1.0,0a110f149d2ce123a7acb6a0e765d30999b8fd68d89ff173af957e9951c187d7,0a110f149d2ce123a7acb6a0e765d30999b8fd68d89ff173af957e9951c187d7,True,828,1.0,"{""pair_id"": 828}"
