group,method_raw,method,n,agreement_pct,coverage_pct,u_rate_pct,covered_agreement_pct,det_conflict_pct,A_to_R,R_to_A,pred_ACCEPT,pred_REJECT,pred_AMBIGUOUS
ALL,ONLY_A,CLIP-only,4294,48.18,63.81,36.19,75.51,15.63,33,638,1093,1647,1554
ALL,ONLY_B,8B semantic,4294,67.44,85.77,14.23,78.63,18.33,81,706,1452,2231,611
ALL,NO_C,A+B,4294,42.59,49.49,50.51,86.07,6.89,2,294,927,1198,2169
ALL,NO_GATE,ABC voting,4294,45.81,53.21,46.79,86.08,7.41,2,316,927,1358,2009
ALL,ONE_OF_THREE_ACCEPT,Aggressive voting,4294,71.36,92.9,7.1,76.81,21.54,112,813,1618,2371,305
ALL,PRF_BASELINE,Full PRF,4294,67.72,86.4,13.6,78.38,18.68,75,727,1442,2268,584
AUTO_2OF3,ONLY_A,CLIP-only,2000,85.45,100.0,0.0,85.45,14.55,1,290,926,1074,0
AUTO_2OF3,ONLY_B,8B semantic,2000,85.45,100.0,0.0,85.45,14.55,1,290,926,1074,0
AUTO_2OF3,NO_C,A+B,2000,85.45,100.0,0.0,85.45,14.55,1,290,926,1074,0
AUTO_2OF3,NO_GATE,ABC voting,2000,85.45,100.0,0.0,85.45,14.55,1,290,926,1074,0
AUTO_2OF3,ONE_OF_THREE_ACCEPT,Aggressive voting,2000,85.45,100.0,0.0,85.45,14.55,1,290,926,1074,0
AUTO_2OF3,PRF_BASELINE,Full PRF,2000,85.45,100.0,0.0,85.45,14.55,1,290,926,1074,0
TEACHER_30B,ONLY_A,CLIP-only,2294,15.69,32.26,67.74,48.65,16.56,32,348,167,573,1554
TEACHER_30B,ONLY_B,8B semantic,2294,51.74,73.37,26.63,70.53,21.62,80,416,526,1157,611
TEACHER_30B,NO_C,A+B,2294,5.23,5.45,94.55,96.0,0.22,1,4,1,124,2169
TEACHER_30B,NO_GATE,ABC voting,2294,11.25,12.42,87.58,90.53,1.18,1,26,1,284,2009
TEACHER_30B,ONE_OF_THREE_ACCEPT,Aggressive voting,2294,59.07,86.7,13.3,68.12,27.64,111,523,692,1297,305
TEACHER_30B,PRF_BASELINE,Full PRF,2294,52.27,74.54,25.46,70.12,22.28,74,437,516,1194,584
FORCE_DISPUTE,ONLY_A,CLIP-only,313,41.53,46.96,53.04,88.44,5.43,9,8,15,132,166
FORCE_DISPUTE,ONLY_B,8B semantic,313,82.43,91.37,8.63,90.21,8.95,6,22,10,276,27
FORCE_DISPUTE,NO_C,A+B,313,38.34,39.94,60.06,96.0,1.6,1,4,1,124,188
FORCE_DISPUTE,NO_GATE,ABC voting,313,82.43,91.05,8.95,90.53,8.63,1,26,1,284,28
FORCE_DISPUTE,ONE_OF_THREE_ACCEPT,Aggressive voting,313,84.98,100.0,0.0,84.98,15.02,14,33,24,289,0
FORCE_DISPUTE,PRF_BASELINE,Full PRF,313,86.26,100.0,0.0,86.26,13.74,0,43,0,313,0
NONZERO_C_DELTA,ONLY_A,CLIP-only,2023,44.49,72.52,27.48,61.35,28.03,11,556,93,1374,556
NONZERO_C_DELTA,ONLY_B,8B semantic,2023,66.24,85.37,14.63,77.59,19.13,78,309,432,1295,296
NONZERO_C_DELTA,NO_C,A+B,2023,39.05,50.91,49.09,76.7,11.86,2,238,77,953,993
NONZERO_C_DELTA,NO_GATE,ABC voting,2023,45.87,58.82,41.18,77.98,12.95,2,260,77,1113,833
NONZERO_C_DELTA,ONE_OF_THREE_ACCEPT,Aggressive voting,2023,69.11,96.05,3.95,71.95,26.94,87,458,448,1495,80
NONZERO_C_DELTA,PRF_BASELINE,Full PRF,2023,66.83,86.7,13.3,77.08,19.87,72,330,422,1332,269
ABS_C_DELTA_TOP25_NONZERO,ONLY_A,CLIP-only,507,42.01,56.41,43.59,74.48,14.4,10,63,17,269,221
ABS_C_DELTA_TOP25_NONZERO,ONLY_B,8B semantic,507,77.91,89.15,10.85,87.39,11.24,16,41,54,398,55
ABS_C_DELTA_TOP25_NONZERO,NO_C,A+B,507,37.28,41.42,58.58,90.0,4.14,1,20,1,209,297
ABS_C_DELTA_TOP25_NONZERO,NO_GATE,ABC voting,507,64.5,72.98,27.02,88.38,8.48,1,42,1,369,137
ABS_C_DELTA_TOP25_NONZERO,ONE_OF_THREE_ACCEPT,Aggressive voting,507,80.67,98.03,1.97,82.29,17.36,25,63,70,427,10
ABS_C_DELTA_TOP25_NONZERO,PRF_BASELINE,Full PRF,507,80.28,94.48,5.52,84.97,14.2,10,62,44,435,28
