dataset,N,canonical_low,canonical_high,adaptive_low,adaptive_high,canonical_accuracy,adaptive_accuracy,delta_accuracy,canonical_coverage,adaptive_coverage,delta_coverage,canonical_selective_accuracy,adaptive_selective_accuracy,delta_selective_accuracy,canonical_balanced_accuracy,adaptive_balanced_accuracy,delta_balanced_accuracy,canonical_A,canonical_R,canonical_U,adaptive_A,adaptive_R,adaptive_U,decision_change_count,decision_change_rate,mcnemar_canonical_only_correct,mcnemar_adaptive_only_correct,mcnemar_discordant,mcnemar_p_exact
CLWD_controlled,80,0.8,0.9,1.003956244207928,1.3043975035521016,0.675,0.5,-0.17500000000000004,0.8375,1.0,0.16249999999999998,0.8059701492537313,0.5,-0.30597014925373134,0.675,0.5,-0.17500000000000004,14,53,13,0,80,0,27,0.3375,14,0,14,0.0001220703125
COVERAGE200,200,0.8,0.9,1.230763632389826,1.4866078351487655,0.86,0.5,-0.36,0.9,1.0,0.09999999999999998,0.9555555555555556,0.5,-0.4555555555555556,0.86,0.5,-0.36,108,72,20,0,200,0,128,0.64,100,28,128,1.0951459896285749e-10
IMD2020,828,0.8,0.9,0.8500460612127138,1.0111828172912434,0.5664251207729468,0.4939613526570048,-0.07246376811594202,0.893719806763285,0.8671497584541062,-0.02657004830917875,0.6337837837837837,0.5696378830083565,-0.06414590077542726,0.5664251207729468,0.4939613526570048,-0.07246376811594202,73,667,88,0,718,110,124,0.1497584541062802,70,10,80,3.161290522649495e-12
INRIA_Copydays,3284,0.8,0.9,1.0537217961286647,1.2244521047272312,0.6406820950060901,0.5,-0.14068209500609008,0.7152862362971986,1.0,0.28471376370280144,0.8957002979991485,0.5,-0.3957002979991485,0.6406820950060901,0.5,-0.14068209500609008,1381,968,935,0,3284,0,2316,0.705237515225335,1260,798,2058,1.8863662562005487e-24
ISC2021,200,0.8,0.9,0.870381618824899,1.0128229528261319,0.435,0.485,0.04999999999999999,0.785,0.91,0.125,0.554140127388535,0.532967032967033,-0.02117309442150206,0.435,0.485,0.04999999999999999,8,149,43,0,182,18,41,0.205,8,18,26,0.07551869750022888
LIVE,810,0.8,0.9,1.091869243299623,1.373809610371525,0.908641975308642,0.5,-0.408641975308642,0.9160493827160494,1.0,0.08395061728395059,0.9919137466307277,0.5,-0.49191374663072773,0.908641975308642,0.5,-0.408641975308642,332,410,68,0,810,0,400,0.49382716049382713,332,1,333,3.8175778868827984e-98
LVW,2000,0.8,0.9,0.9961081555753983,1.155142081188068,0.631,0.5,-0.131,0.681,0.96,0.2789999999999999,0.9265785609397944,0.5208333333333334,-0.40574522760646103,0.631,0.5,-0.131,522,840,638,0,1920,80,1160,0.58,508,246,754,7.74762119808186e-22
PIPAL,2000,0.8,0.9,0.9413642660022223,1.0569979358542567,0.418,0.5,0.08200000000000002,0.5815,0.9655,0.384,0.7188306104901118,0.5178663904712584,-0.2009642200188534,0.41800000000000004,0.5,0.08199999999999996,308,855,837,0,1931,69,1145,0.5725,278,442,720,1.058216132864233e-09
Waterloo,3999,0.8,0.9,0.9792722984395106,1.3725301488701132,0.679169792448112,0.5001250312578145,-0.17904476119029755,0.8939734933733433,0.9857464366091523,0.09177294323580898,0.7597202797202797,0.5073566717402334,-0.2523636079800463,0.6790895447723861,0.5,-0.17908954477238614,716,2859,424,0,3942,57,1140,0.28507126781695424,716,0,716,5.801671039719116e-216
