path,relative_path,filename,suffix,size_bytes,size_mb,mtime,exact_key_file,term_hits,sha256
<STUDENT_DISTILLATION_ROOT>\00_核心代码\11_make_keep_indices_from_trainA_v2.py,00_核心代码\11_make_keep_indices_from_trainA_v2.py,11_make_keep_indices_from_trainA_v2.py,.py,2806,0.0027,2026-02-27T22:18:01,False,train,
<STUDENT_DISTILLATION_ROOT>\00_核心代码\12_train_lora_from_cache_keepidx_trainA_fast100.py,00_核心代码\12_train_lora_from_cache_keepidx_trainA_fast100.py,12_train_lora_from_cache_keepidx_trainA_fast100.py,.py,5556,0.0053,2026-02-27T22:24:24,False,train|lora,
<STUDENT_DISTILLATION_ROOT>\00_核心代码\13_train_lora_full_keepidx_trainA.py,00_核心代码\13_train_lora_full_keepidx_trainA.py,13_train_lora_full_keepidx_trainA.py,.py,6419,0.0061,2026-02-27T23:42:15,False,train|lora,
<STUDENT_DISTILLATION_ROOT>\00_核心代码\14_resume_from_ckpt020000_nan_safe.py,00_核心代码\14_resume_from_ckpt020000_nan_safe.py,14_resume_from_ckpt020000_nan_safe.py,.py,8862,0.0085,2026-03-08T11:00:36,False,resume,
<STUDENT_DISTILLATION_ROOT>\01_关键输入\keep_indices_trainA_v2.json,01_关键输入\keep_indices_trainA_v2.json,keep_indices_trainA_v2.json,.json,182061,0.1736,2026-02-27T22:18:05,False,train,
<STUDENT_DISTILLATION_ROOT>\01_关键输入\train.jsonl,01_关键输入\train.jsonl,train.jsonl,.jsonl,19765371,18.8497,2026-02-26T23:58:37,False,train,
<STUDENT_DISTILLATION_ROOT>\02_训练结果_原始full_run\train_log.jsonl,02_训练结果_原始full_run\train_log.jsonl,train_log.jsonl,.jsonl,102034,0.0973,2026-03-08T10:01:29,False,train|log,
<STUDENT_DISTILLATION_ROOT>\02_训练结果_原始full_run\train_log_nanrun_backup.jsonl,02_训练结果_原始full_run\train_log_nanrun_backup.jsonl,train_log_nanrun_backup.jsonl,.jsonl,102034,0.0973,2026-03-08T10:36:22,False,train|log,
<STUDENT_DISTILLATION_ROOT>\02_训练结果_原始full_run\ckpt_step020000\adapter_config.json,02_训练结果_原始full_run\ckpt_step020000\adapter_config.json,adapter_config.json,.json,1042,0.001,2026-03-06T19:41:21,True,adapter,deeb8e8f4728495dcd9d16ba3e0314f8ca5fe383c15f943e8e794834ef364807
<STUDENT_DISTILLATION_ROOT>\02_训练结果_原始full_run\ckpt_step020000\adapter_model.safetensors,02_训练结果_原始full_run\ckpt_step020000\adapter_model.safetensors,adapter_model.safetensors,.safetensors,30713512,29.2907,2026-03-06T19:41:21,True,adapter,9af6a3996c5abf9b2ce74357e58f6b87a0cd6b224ece93b047b7c81bf82ec273
<STUDENT_DISTILLATION_ROOT>\03_训练结果_恢复final_run\resume_meta.json,03_训练结果_恢复final_run\resume_meta.json,resume_meta.json,.json,499,0.0005,2026-03-08T11:00:58,False,final|resume,
<STUDENT_DISTILLATION_ROOT>\03_训练结果_恢复final_run\train_log.jsonl,03_训练结果_恢复final_run\train_log.jsonl,train_log.jsonl,.jsonl,56298,0.0537,2026-03-10T16:13:36,False,train|log|final,
<STUDENT_DISTILLATION_ROOT>\03_训练结果_恢复final_run\ckpt_step020500\adapter_config.json,03_训练结果_恢复final_run\ckpt_step020500\adapter_config.json,adapter_config.json,.json,1042,0.001,2026-03-08T15:05:18,True,adapter|final,742b2f602084490d198f8c4d3d5499c05e0d11fc562a76c71f5c76d02667072f
<STUDENT_DISTILLATION_ROOT>\03_训练结果_恢复final_run\ckpt_step020500\adapter_model.safetensors,03_训练结果_恢复final_run\ckpt_step020500\adapter_model.safetensors,adapter_model.safetensors,.safetensors,30713512,29.2907,2026-03-08T15:05:18,True,adapter|final,8366d4e838668b8e3e42c0bff588a051e321b75c9705878d5918db6335cf5af7
<STUDENT_DISTILLATION_ROOT>\03_训练结果_恢复final_run\ckpt_step020500\README.md,03_训练结果_恢复final_run\ckpt_step020500\README.md,README.md,.md,5276,0.005,2026-03-08T15:05:18,False,final,
<STUDENT_DISTILLATION_ROOT>\03_训练结果_恢复final_run\ckpt_step021000\adapter_config.json,03_训练结果_恢复final_run\ckpt_step021000\adapter_config.json,adapter_config.json,.json,1042,0.001,2026-03-08T18:56:00,True,adapter|final,742b2f602084490d198f8c4d3d5499c05e0d11fc562a76c71f5c76d02667072f
<STUDENT_DISTILLATION_ROOT>\03_训练结果_恢复final_run\ckpt_step021000\adapter_model.safetensors,03_训练结果_恢复final_run\ckpt_step021000\adapter_model.safetensors,adapter_model.safetensors,.safetensors,30713512,29.2907,2026-03-08T18:56:00,True,adapter|final,a2a53ab37b03f48a3d0b1171294e5c5ebdfd7ff6ac1f2cef9920fbfb8972f3f1
<STUDENT_DISTILLATION_ROOT>\03_训练结果_恢复final_run\ckpt_step021000\README.md,03_训练结果_恢复final_run\ckpt_step021000\README.md,README.md,.md,5276,0.005,2026-03-08T18:56:00,False,final,
<STUDENT_DISTILLATION_ROOT>\03_训练结果_恢复final_run\ckpt_step026500\adapter_config.json,03_训练结果_恢复final_run\ckpt_step026500\adapter_config.json,adapter_config.json,.json,1042,0.001,2026-03-10T15:21:52,True,adapter|final,742b2f602084490d198f8c4d3d5499c05e0d11fc562a76c71f5c76d02667072f
<STUDENT_DISTILLATION_ROOT>\03_训练结果_恢复final_run\ckpt_step026500\adapter_model.safetensors,03_训练结果_恢复final_run\ckpt_step026500\adapter_model.safetensors,adapter_model.safetensors,.safetensors,30713512,29.2907,2026-03-10T15:21:52,True,adapter|final,587347116a2d07e29d3d120aa988afeb4d7a3ea5fcbbfcd7d17ed836d47091ef
<STUDENT_DISTILLATION_ROOT>\03_训练结果_恢复final_run\ckpt_step026500\README.md,03_训练结果_恢复final_run\ckpt_step026500\README.md,README.md,.md,5276,0.005,2026-03-10T15:21:52,False,final,
<STUDENT_DISTILLATION_ROOT>\04_最终模型_final\final\adapter_config.json,04_最终模型_final\final\adapter_config.json,adapter_config.json,.json,1042,0.001,2026-03-10T16:17:29,True,adapter|final,742b2f602084490d198f8c4d3d5499c05e0d11fc562a76c71f5c76d02667072f
<STUDENT_DISTILLATION_ROOT>\04_最终模型_final\final\adapter_model.safetensors,04_最终模型_final\final\adapter_model.safetensors,adapter_model.safetensors,.safetensors,30713512,29.2907,2026-03-10T16:17:29,True,adapter|final,ca8839bb328ed03322432fa43035edb8c0ee37882d66dba7198d45bd9a2657bd
<STUDENT_DISTILLATION_ROOT>\04_最终模型_final\final\README.md,04_最终模型_final\final\README.md,README.md,.md,5276,0.005,2026-03-10T16:17:29,False,final,
<STUDENT_DISTILLATION_ROOT>\eval_results\test2000_confusion_matrix.json,eval_results\test2000_confusion_matrix.json,test2000_confusion_matrix.json,.json,161,0.0002,2026-03-13T15:06:29,False,eval|test|result|confusion,
<STUDENT_DISTILLATION_ROOT>\eval_results\test2000_disagreements_sample100.jsonl,eval_results\test2000_disagreements_sample100.jsonl,test2000_disagreements_sample100.jsonl,.jsonl,25718,0.0245,2026-03-13T15:06:29,False,eval|test|result,
<STUDENT_DISTILLATION_ROOT>\eval_results\test2000_error_distribution.json,eval_results\test2000_error_distribution.json,test2000_error_distribution.json,.json,86,0.0001,2026-03-13T15:06:29,False,eval|test|result,
<STUDENT_DISTILLATION_ROOT>\eval_results\test2000_eval_report.json,eval_results\test2000_eval_report.json,test2000_eval_report.json,.json,1209,0.0012,2026-03-13T15:06:29,False,eval|test|result,
<STUDENT_DISTILLATION_ROOT>\eval_results\test2000_predictions.jsonl,eval_results\test2000_predictions.jsonl,test2000_predictions.jsonl,.jsonl,515720,0.4918,2026-03-13T06:13:19,False,eval|test|predict|prediction|result,
<STUDENT_DISTILLATION_ROOT>\eval_results\test2000_summary.json,eval_results\test2000_summary.json,test2000_summary.json,.json,482,0.0005,2026-03-13T06:13:19,False,eval|test|result,
<STUDENT_DISTILLATION_ROOT>\eval_results\test_stratified_2000.jsonl,eval_results\test_stratified_2000.jsonl,test_stratified_2000.jsonl,.jsonl,614515,0.586,2026-03-12T14:55:01,False,eval|test|result,
<STUDENT_DISTILLATION_ROOT>\eval_results\test_stratified_2000_meta.json,eval_results\test_stratified_2000_meta.json,test_stratified_2000_meta.json,.json,354,0.0003,2026-03-12T14:55:01,False,eval|test|result,
<STUDENT_DISTILLATION_ROOT>\eval_results\val1000_confusion_matrix.json,eval_results\val1000_confusion_matrix.json,val1000_confusion_matrix.json,.json,158,0.0002,2026-03-12T13:06:16,False,eval|result|confusion,
<STUDENT_DISTILLATION_ROOT>\eval_results\val1000_disagreements_sample100.jsonl,eval_results\val1000_disagreements_sample100.jsonl,val1000_disagreements_sample100.jsonl,.jsonl,25777,0.0246,2026-03-12T13:16:58,False,eval|result,
<STUDENT_DISTILLATION_ROOT>\eval_results\val1000_disagreements_sample50.jsonl,eval_results\val1000_disagreements_sample50.jsonl,val1000_disagreements_sample50.jsonl,.jsonl,12886,0.0123,2026-03-12T13:06:16,False,eval|result,
<STUDENT_DISTILLATION_ROOT>\eval_results\val1000_error_analysis.txt,eval_results\val1000_error_analysis.txt,val1000_error_analysis.txt,.txt,201,0.0002,2026-03-12T13:16:58,False,eval|result,
<STUDENT_DISTILLATION_ROOT>\eval_results\val1000_error_distribution.json,eval_results\val1000_error_distribution.json,val1000_error_distribution.json,.json,70,0.0001,2026-03-12T13:16:58,False,eval|result,
<STUDENT_DISTILLATION_ROOT>\eval_results\val1000_eval_report.json,eval_results\val1000_eval_report.json,val1000_eval_report.json,.json,1074,0.001,2026-03-12T13:06:16,False,eval|result,
<STUDENT_DISTILLATION_ROOT>\eval_results\val1000_explain_cases50.jsonl,eval_results\val1000_explain_cases50.jsonl,val1000_explain_cases50.jsonl,.jsonl,12867,0.0123,2026-03-21T16:45:50,False,eval|result,
<STUDENT_DISTILLATION_ROOT>\eval_results\val1000_explain_cases50_meta.json,eval_results\val1000_explain_cases50_meta.json,val1000_explain_cases50_meta.json,.json,481,0.0005,2026-03-21T16:45:50,False,eval|result,
<STUDENT_DISTILLATION_ROOT>\eval_results\val1000_explain_cases50_outputs.jsonl,eval_results\val1000_explain_cases50_outputs.jsonl,val1000_explain_cases50_outputs.jsonl,.jsonl,74238,0.0708,2026-03-21T17:17:46,False,eval|result,
<STUDENT_DISTILLATION_ROOT>\eval_results\val1000_explain_cases50_outputs_base8b_v5.jsonl,eval_results\val1000_explain_cases50_outputs_base8b_v5.jsonl,val1000_explain_cases50_outputs_base8b_v5.jsonl,.jsonl,125708,0.1199,2026-03-22T01:05:11,False,eval|result,
<STUDENT_DISTILLATION_ROOT>\eval_results\val1000_explain_cases50_outputs_v3.jsonl,eval_results\val1000_explain_cases50_outputs_v3.jsonl,val1000_explain_cases50_outputs_v3.jsonl,.jsonl,78709,0.0751,2026-03-21T18:05:19,False,eval|result,
<STUDENT_DISTILLATION_ROOT>\eval_results\val1000_explain_cases50_outputs_v4.jsonl,eval_results\val1000_explain_cases50_outputs_v4.jsonl,val1000_explain_cases50_outputs_v4.jsonl,.jsonl,93605,0.0893,2026-03-22T00:13:58,False,eval|result,
<STUDENT_DISTILLATION_ROOT>\eval_results\val1000_explain_cases50_summary.json,eval_results\val1000_explain_cases50_summary.json,val1000_explain_cases50_summary.json,.json,380,0.0004,2026-03-21T17:17:46,False,eval|result,
<STUDENT_DISTILLATION_ROOT>\eval_results\val1000_explain_cases50_summary_base8b_v5.json,eval_results\val1000_explain_cases50_summary_base8b_v5.json,val1000_explain_cases50_summary_base8b_v5.json,.json,391,0.0004,2026-03-22T01:05:11,False,eval|result,
<STUDENT_DISTILLATION_ROOT>\eval_results\val1000_explain_cases50_summary_v3.json,eval_results\val1000_explain_cases50_summary_v3.json,val1000_explain_cases50_summary_v3.json,.json,383,0.0004,2026-03-21T18:05:19,False,eval|result,
<STUDENT_DISTILLATION_ROOT>\eval_results\val1000_explain_cases50_summary_v4.json,eval_results\val1000_explain_cases50_summary_v4.json,val1000_explain_cases50_summary_v4.json,.json,382,0.0004,2026-03-22T00:13:58,False,eval|result,
<STUDENT_DISTILLATION_ROOT>\eval_results\val1000_predictions.jsonl,eval_results\val1000_predictions.jsonl,val1000_predictions.jsonl,.jsonl,257972,0.246,2026-03-12T09:37:01,False,eval|predict|prediction|result,
<STUDENT_DISTILLATION_ROOT>\eval_results\val1000_summary.json,eval_results\val1000_summary.json,val1000_summary.json,.json,465,0.0004,2026-03-12T09:37:02,False,eval|result,
<STUDENT_DISTILLATION_ROOT>\eval_results\val_constrained_test100_n100_bs2_predictions.jsonl,eval_results\val_constrained_test100_n100_bs2_predictions.jsonl,val_constrained_test100_n100_bs2_predictions.jsonl,.jsonl,737,0.0007,2026-03-11T17:05:49,False,train|eval|test|predict|prediction|result,
<STUDENT_DISTILLATION_ROOT>\eval_results\val_first100_predictions.jsonl,eval_results\val_first100_predictions.jsonl,val_first100_predictions.jsonl,.jsonl,25723,0.0245,2026-03-11T15:57:04,False,eval|predict|prediction|result,
<STUDENT_DISTILLATION_ROOT>\eval_results\val_first100_predictions_reparsed.jsonl,eval_results\val_first100_predictions_reparsed.jsonl,val_first100_predictions_reparsed.jsonl,.jsonl,27423,0.0262,2026-03-11T16:29:15,False,eval|predict|prediction|result,
<STUDENT_DISTILLATION_ROOT>\eval_results\val_first100_summary.json,eval_results\val_first100_summary.json,val_first100_summary.json,.json,347,0.0003,2026-03-11T15:57:04,False,eval|result,
<STUDENT_DISTILLATION_ROOT>\eval_results\val_first100_summary_reparsed.json,eval_results\val_first100_summary_reparsed.json,val_first100_summary_reparsed.json,.json,407,0.0004,2026-03-11T16:29:15,False,eval|result,
<STUDENT_DISTILLATION_ROOT>\eval_results\val_first100_v3_predictions.jsonl,eval_results\val_first100_v3_predictions.jsonl,val_first100_v3_predictions.jsonl,.jsonl,25554,0.0244,2026-03-11T18:06:22,False,eval|predict|prediction|result,
<STUDENT_DISTILLATION_ROOT>\eval_results\val_first100_v3_summary.json,eval_results\val_first100_v3_summary.json,val_first100_v3_summary.json,.json,375,0.0004,2026-03-11T18:06:22,False,eval|result,
<STUDENT_DISTILLATION_ROOT>\eval_results\val_opt_test100_n100_bs2_predictions.jsonl,eval_results\val_opt_test100_n100_bs2_predictions.jsonl,val_opt_test100_n100_bs2_predictions.jsonl,.jsonl,1622,0.0015,2026-03-11T16:47:30,False,eval|test|predict|prediction|result,
<STUDENT_DISTILLATION_ROOT>\eval_results\val_stratified_1000.jsonl,eval_results\val_stratified_1000.jsonl,val_stratified_1000.jsonl,.jsonl,307388,0.2931,2026-03-11T19:03:01,False,eval|result,
<STUDENT_DISTILLATION_ROOT>\eval_results\val_stratified_1000_meta.json,eval_results\val_stratified_1000_meta.json,val_stratified_1000_meta.json,.json,352,0.0003,2026-03-11T19:03:01,False,eval|result,
<STUDENT_DISTILLATION_ROOT>\final Lora adapter\adapter_config.json,final Lora adapter\adapter_config.json,adapter_config.json,.json,1042,0.001,2026-03-10T16:17:29,True,lora|adapter|final,742b2f602084490d198f8c4d3d5499c05e0d11fc562a76c71f5c76d02667072f
<STUDENT_DISTILLATION_ROOT>\final Lora adapter\adapter_model.safetensors,final Lora adapter\adapter_model.safetensors,adapter_model.safetensors,.safetensors,30713512,29.2907,2026-03-10T16:17:29,True,lora|adapter|final,ca8839bb328ed03322432fa43035edb8c0ee37882d66dba7198d45bd9a2657bd
<STUDENT_DISTILLATION_ROOT>\final Lora adapter\README.md,final Lora adapter\README.md,README.md,.md,5276,0.005,2026-03-10T16:17:29,False,lora|adapter|final,
<STUDENT_DISTILLATION_ROOT>\final Lora adapter\train_log.jsonl,final Lora adapter\train_log.jsonl,train_log.jsonl,.jsonl,56298,0.0537,2026-03-10T16:13:36,False,train|log|lora|adapter|final,
